Track URI,Track Name,Artist URI(s),Artist Name(s),Album URI,Album Name,Album Artist URI(s),Album Artist Name(s),Album Release Date,Album Image URL,Disc Number,Track Number,Track Duration (ms),Track Preview URL,Explicit,Popularity,ISRC,Added By,Added At
spotify:track:64awLoKSPoQ5M6YulMsyCe,家族になろうよ,spotify:artist:5FGlhIQqewJRV8fx24toG0,福山雅治,spotify:album:6eOsDrzZilG8Knem5v8LNE,家族になろうよ／fighting pose,spotify:artist:5FGlhIQqewJRV8fx24toG0,福山雅治,2011-08-31,https://i.scdn.co/image/ab67616d0000b273ec8033df3e6a948f71cddc1c,1,1,307813,,false,56,JPPO01147714,,2025-08-26T11:32:55Z
spotify:track:5xa3zRbvV7Zd2ieiA1Fb0F,トイレの神様,spotify:artist:2alEVA0XivZV9EazBtP6of,植村花菜,spotify:album:0VG5ZaIX23atHbvTGQNz2r,The Best Songs(通常盤),spotify:artist:2alEVA0XivZV9EazBtP6of,植村花菜,2015-09-30,https://i.scdn.co/image/ab67616d0000b273a0e0faf7884c180d1f9b9b51,1,14,592613,https://p.scdn.co/mp3-preview/96130ed026a5f40113af36853955d5fa81b62a63?cid=9950ac751e34487dbbe027c4fd7f8e99,false,38,JPKI01010602,,2025-08-26T11:25:02Z
spotify:track:1BxfuPKGuaTgP7aM0Bbdwr,Cruel Summer,spotify:artist:06HL4z0CvFAxyc27GXpf02,Taylor Swift,spotify:album:1NAmidJlEaVgA3MpcPFYGq,Lover,spotify:artist:06HL4z0CvFAxyc27GXpf02,Taylor Swift,2019-08-23,https://i.scdn.co/image/ab67616d0000b273e787cffec20aa2a396a61647,1,2,178426,,false,88,USUG11901472,,2025-08-07T13:48:40Z
spotify:track:37sINbJZcFdHFAsVNsPq1i,Superheroes,spotify:artist:3AQRLZ9PuTAozP28Skbq8V,The Script,spotify:album:6yd9yk8nFcHalXzy7mgaDx,No Sound Without Silence,spotify:artist:3AQRLZ9PuTAozP28Skbq8V,The Script,2014-09-15,https://i.scdn.co/image/ab67616d0000b27359d2079e141301ab89b6cbc5,1,2,245466,https://p.scdn.co/mp3-preview/195c70c6cda7717f5db543a114586bb52b1eced5?cid=9950ac751e34487dbbe027c4fd7f8e99,false,76,GBARL1400978,,2025-05-30T03:16:16Z
spotify:track:3DamFFqW32WihKkTVlwTYQ,Fireflies,spotify:artist:07QEuhtrNmmZ0zEcqE9SF6,Owl City,spotify:album:3vf65wfk1EEjVhy6BjENsS,Ocean Eyes,spotify:artist:07QEuhtrNmmZ0zEcqE9SF6,Owl City,2009-01-01,https://i.scdn.co/image/ab67616d0000b273785d4e702802da500fc78b32,1,9,228346,,false,77,USUM70972068,,2025-05-30T03:05:06Z
spotify:track:1NNAI51EuoRWw1ydX1zV7S,Daylight,spotify:artist:04gDigrS5kc9YWfZHwBETP,Maroon 5,spotify:album:6ijGiBcBfUwkoyHn5VUHU2,Overexposed Track By Track,spotify:artist:04gDigrS5kc9YWfZHwBETP,Maroon 5,2012-01-01,https://i.scdn.co/image/ab67616d0000b273fc8633e22a7dba6aab817bff,1,6,225066,,false,72,USUM71204771,,2025-05-30T02:37:43Z
spotify:track:2CPqh63wRVscbceKcPxwvv,The Ocean (feat. Shy Martin),"spotify:artist:6lB8vOoI4DRrrVxXwuV19c, spotify:artist:7eCmccnRwPmRnWPw61x6jM","Mike Perry, shy martin",spotify:album:4pgNeQfSctryAw4e0uESHe,The Ocean (feat. Shy Martin),spotify:artist:6lB8vOoI4DRrrVxXwuV19c,Mike Perry,2016-04-15,https://i.scdn.co/image/ab67616d0000b2737f401862bfe87b552a75308d,1,1,183414,https://p.scdn.co/mp3-preview/515b1e8609dc4b1bb3338b4717b044e9762ed42e?cid=9950ac751e34487dbbe027c4fd7f8e99,false,66,SE3AA1600005,,2025-05-27T06:08:46Z
spotify:track:4CznlctarxgWvy3NoMFfMH,Lonely Together,"spotify:artist:1vCWHaC5f2uS3yhpwWbIA6, spotify:artist:5CCwRZC6euC8Odo6y9X8jr","Avicii, Rita Ora",spotify:album:5VPw18vPykfaX5s3jiS0Ox,Avicii Forever,spotify:artist:1vCWHaC5f2uS3yhpwWbIA6,Avicii,2025-05-16,https://i.scdn.co/image/ab67616d0000b273d586098ba36b54d4167de337,1,9,181730,,false,66,SE5R71700108,,2025-05-27T05:59:07Z
spotify:track:2y4lAQpi5VTNLu2ldeTdUH,We Can't Stop,spotify:artist:5YGY8feqx7naU7z4HrwZM6,Miley Cyrus,spotify:album:3RDqXDc1bAETps54MSSOW0,Bangerz (Deluxe Version),spotify:artist:5YGY8feqx7naU7z4HrwZM6,Miley Cyrus,2013-10-04,https://i.scdn.co/image/ab67616d0000b2736b18d0490878750cd69abf2c,1,2,231240,https://p.scdn.co/mp3-preview/2832db9492a17af6654d86be3ae07d4baa1f55ab?cid=9950ac751e34487dbbe027c4fd7f8e99,false,80,USRC11300686,,2025-05-16T02:04:40Z
spotify:track:2ISSQPb9LHHiV6ng2NXosL,Beautiful Now,"spotify:artist:2qxJFvFYMEDqd7ui6kSAcq, spotify:artist:50JJSqHUf2RQ9xsHs0KMHg","Zedd, Jon Bellion",spotify:album:4jKdXIJckKh7la6xHuKwRT,True Colors,spotify:artist:2qxJFvFYMEDqd7ui6kSAcq,Zedd,2015-05-15,https://i.scdn.co/image/ab67616d0000b273d040bc5b46915b49a64d7b1d,1,3,218293,,false,70,USUM71505090,,2025-05-16T02:03:40Z
spotify:track:6Wytqpe4mfmyeT8s1xbczG,Something In The Way You Move,spotify:artist:0X2BH1fck6amBIoJhDVmmJ,Ellie Goulding,spotify:album:20Ol6zZ0nLlc5EGTH1zA0j,Delirium (Deluxe),spotify:artist:0X2BH1fck6amBIoJhDVmmJ,Ellie Goulding,2015-11-06,https://i.scdn.co/image/ab67616d0000b2736bdee14242f244d9d6ddf2fd,1,3,227423,,false,56,GBUM71505461,,2025-05-16T01:54:45Z
spotify:track:5H0ajL4EHsrcAEGESo2Lzx,Love Somebody,spotify:artist:04gDigrS5kc9YWfZHwBETP,Maroon 5,spotify:album:6ijGiBcBfUwkoyHn5VUHU2,Overexposed Track By Track,spotify:artist:04gDigrS5kc9YWfZHwBETP,Maroon 5,2012-01-01,https://i.scdn.co/image/ab67616d0000b273fc8633e22a7dba6aab817bff,1,12,229973,,false,62,USUM71204774,,2025-05-16T01:34:24Z
spotify:track:1yjY7rpaAQvKwpdUliHx0d,Still into You,spotify:artist:74XFHRwlV6OrjEM0A2NCMF,Paramore,spotify:album:4sgYpkIASM1jVlNC8Wp9oF,Paramore,spotify:artist:74XFHRwlV6OrjEM0A2NCMF,Paramore,2013-04-05,https://i.scdn.co/image/ab67616d0000b273532033d0d90736f661c13d35,1,9,216013,https://p.scdn.co/mp3-preview/4abdea56e053fe7d0f4f4e446b43d404b28edf69?cid=9950ac751e34487dbbe027c4fd7f8e99,false,81,USAT21300012,,2025-05-12T09:25:30Z
spotify:track:003vvx7Niy0yvhvHt4a68B,Mr. Brightside,spotify:artist:0C0XlULifJtAgn6ZNCW2eu,The Killers,spotify:album:4piJq7R3gjUOxnYs6lDCTg,Hot Fuss,spotify:artist:0C0XlULifJtAgn6ZNCW2eu,The Killers,2004,https://i.scdn.co/image/ab67616d0000b273ccdddd46119a4ff53eaf1f5d,1,2,222973,,false,87,USIR20400274,,2025-05-12T07:52:48Z
spotify:track:34oB5r0lcN3fYWCs2uA1k5,The Cure,spotify:artist:1HY2Jd0NmPuamShAr6KMms,Lady Gaga,spotify:album:2yaSZnZhaxsbQ5xhgGbw3g,The Cure,spotify:artist:1HY2Jd0NmPuamShAr6KMms,Lady Gaga,2017-04-16,https://i.scdn.co/image/ab67616d0000b27331cc5716a5c922b0482787b7,1,1,211363,,false,64,USUM71703782,,2025-05-09T07:37:04Z
spotify:track:177WLZMxcD4DG6u9yC7Mv6,Take Me With You,"spotify:artist:647D92XNDYTUt5A0idePJ4, spotify:artist:5geN2OR9RjdTQKSqx5Mb9r, spotify:artist:0Xdvr42oMLOrVWFhgM253P","Fleurie, Dalton Diehl, RUSLAN",spotify:album:1vEuThy2todkxgeAbEw8ic,Take Me With You,spotify:artist:647D92XNDYTUt5A0idePJ4,Fleurie,2017-10-20,https://i.scdn.co/image/ab67616d0000b27358ae82d57361ea35d50c1a8c,1,1,238053,https://p.scdn.co/mp3-preview/2add1fbce51ee3ee8a044a27971ac9cf6442e7af?cid=9950ac751e34487dbbe027c4fd7f8e99,false,33,TCADH1728350,,2025-04-13T15:09:45Z
spotify:track:4Rv6ZgsFTUieLv8bGRgTMV,若月亮没来 - Live,"spotify:artist:2SOrfXWlb17EoCqupfGX4u, spotify:artist:0p0KwawjbChNZh3O0L3z8i, spotify:artist:1llNL6f36GgpMrKnRCx0uK","楊宗緯, 寶石Gem, 王宇宙Leto",spotify:album:6sdHN8agsJY4UAPZ1fCmlp,天赐的声音第五季 第5期 (Live),spotify:artist:0LyfQWJT6nXafLPZqxe9Of,群星,2024-05-24,https://i.scdn.co/image/ab67616d0000b27325eca6715c7e90af2daa4a95,1,1,251938,https://p.scdn.co/mp3-preview/06bdbc10790cfb8fd103ec2a7fc6b3c657b895a9?cid=9950ac751e34487dbbe027c4fd7f8e99,false,49,HKG732425191,,2024-11-06T15:06:13Z
spotify:track:6xdPQxwtYCnHnhS8bRD3bj,野子,"spotify:artist:63tzlZxY9iaOeUnmGfwlyA, spotify:artist:14bJhryXGk6H6qlGzwj3W5","蘇運瑩, 田馥甄",spotify:album:6q4i7jPRnw9QnHlqrN69tl,野子,"spotify:artist:63tzlZxY9iaOeUnmGfwlyA, spotify:artist:14bJhryXGk6H6qlGzwj3W5","蘇運瑩, 田馥甄",2015-03-13,https://i.scdn.co/image/ab67616d0000b2730a7fdea8ec5365b8f4ab08bd,1,1,235999,https://p.scdn.co/mp3-preview/89c037de8504e1fd79249abc869ffe51e1ca7106?cid=9950ac751e34487dbbe027c4fd7f8e99,false,30,HKG731713505,,2024-09-18T01:14:15Z
spotify:track:7KoqEF76fGnDYdxTSHLxcm,一路向北,spotify:artist:2elBjNSdBE2Y3f0j1mjrql,周杰倫,spotify:album:1TborQGeHwJaEjPnUR9siC,11月的蕭邦,spotify:artist:2elBjNSdBE2Y3f0j1mjrql,周杰倫,2005-11-11,https://i.scdn.co/image/ab67616d0000b2732642de36b3fed494f653b015,1,12,294240,,false,61,TWK970500902,,2024-09-25T08:29:39Z
spotify:track:3K4HG9evC7dg3N0R9cYqk4,One Step Closer,spotify:artist:6XyY86QOPPrYVGvF9ch6wz,Linkin Park,spotify:album:6hPkbAV3ZXpGZBGUvL6jVM,Hybrid Theory (Bonus Edition),spotify:artist:6XyY86QOPPrYVGvF9ch6wz,Linkin Park,2000-10-24,https://i.scdn.co/image/ab67616d0000b273e2f039481babe23658fc719a,1,2,157333,https://p.scdn.co/mp3-preview/93915a6ffff1e702717623fe052e781e68bde91b?cid=9950ac751e34487dbbe027c4fd7f8e99,false,83,USWB10002399,,2024-09-26T07:44:35Z
spotify:track:4Yf5bqU3NK4kNOypcrLYwU,Faint,spotify:artist:6XyY86QOPPrYVGvF9ch6wz,Linkin Park,spotify:album:4Gfnly5CzMJQqkUFfoHaP3,Meteora,spotify:artist:6XyY86QOPPrYVGvF9ch6wz,Linkin Park,2003-03-25,https://i.scdn.co/image/ab67616d0000b2735f1f51d14e8bea89484ecd1b,1,7,162106,https://p.scdn.co/mp3-preview/93e66af3a92081740710b18e45dcc9eeff08edbf?cid=9950ac751e34487dbbe027c4fd7f8e99,false,82,USWB10300468,,2024-09-26T07:44:34Z
spotify:track:60a0Rd6pjrkxjPbaKzXjfq,In the End,spotify:artist:6XyY86QOPPrYVGvF9ch6wz,Linkin Park,spotify:album:6hPkbAV3ZXpGZBGUvL6jVM,Hybrid Theory (Bonus Edition),spotify:artist:6XyY86QOPPrYVGvF9ch6wz,Linkin Park,2000-10-24,https://i.scdn.co/image/ab67616d0000b273e2f039481babe23658fc719a,1,8,216880,https://p.scdn.co/mp3-preview/b5ee275ca337899f762b1c1883c11e24a04075b0?cid=9950ac751e34487dbbe027c4fd7f8e99,false,88,USWB10002407,,2024-09-26T07:44:33Z
spotify:track:00TFDHSe7s8cWm5CzDY8UP,Extreme Ways,spotify:artist:3OsRAKCvk37zwYcnzRf5XF,Moby,spotify:album:200xhXQBPc2OWPsZ3koxTc,18,spotify:artist:3OsRAKCvk37zwYcnzRf5XF,Moby,2002-05-13,https://i.scdn.co/image/ab67616d0000b273c6c3ea4f348b73b7f8a20bd4,1,9,237640,https://p.scdn.co/mp3-preview/03e375cdd54417db89abe1259c6ae6823743bf29?cid=9950ac751e34487dbbe027c4fd7f8e99,false,64,GBAJH0200051,,2024-09-26T07:40:44Z
spotify:track:00VKR5XH5jid1AgUdFz4bs,Session,spotify:artist:6XyY86QOPPrYVGvF9ch6wz,Linkin Park,spotify:album:0f7R0jf0pcTb6K6IVVPcMD,Meteora (Bonus Edition),spotify:artist:6XyY86QOPPrYVGvF9ch6wz,Linkin Park,2003-03-25,https://i.scdn.co/image/ab67616d0000b2738b5b6fa1326d996181e71dd7,1,12,144733,https://p.scdn.co/mp3-preview/6cc370f2fde1b5d219c3224d4d48a0c82f9c62c2?cid=9950ac751e34487dbbe027c4fd7f8e99,false,52,USWB10300473,,2024-09-26T07:39:28Z
spotify:track:2ffVdgR2RUHIaENDIrlVvG,"Clubbed to Death (From ""The Matrix"")",spotify:artist:0jXXXUhL8qWQWk9lXXDDyC,Robert D.,spotify:album:7goPjrvNh4oIgcckPJFMA4,The Very Best of Sci-fi & Fantasy (From Sucker Punch to V for Vendetta) [Original Motion Picture Soundtrack],spotify:artist:0LyfQWJT6nXafLPZqxe9Of,群星,2016-12-29,https://i.scdn.co/image/ab67616d0000b273c78f214f292a7f85e7fa015e,1,4,244106,https://p.scdn.co/mp3-preview/8eb37128b9daa2a54740c735eed5152f01d2b796?cid=9950ac751e34487dbbe027c4fd7f8e99,false,52,GBXWM1102584,,2024-09-26T07:38:11Z
spotify:track:392cd1euczCOcZAs0SvvZS,The Last Emperor (Main Title Theme),spotify:artist:20vuBdFblWUo2FCOvUzusB,David Byrne,spotify:album:70iCI16xKlhPlJJT7OIKGH,The Last Emperor Original Soundtrack,spotify:artist:0LyfQWJT6nXafLPZqxe9Of,群星,2008-01-01,https://i.scdn.co/image/ab67616d0000b2739adb35808057ab4d33844ca3,1,10,241106,,false,36,GBAAA8700045,,2024-09-26T07:29:24Z
spotify:track:6u4QtlkKJ879ElNlgw0R7M,說愛你,spotify:artist:1r9DuPTHiQ7hnRRZ99B8nL,JOLIN蔡依林,spotify:album:4QUmaboYGilFry5XZeeUi5,看我72變,spotify:artist:1r9DuPTHiQ7hnRRZ99B8nL,JOLIN蔡依林,2003-03-07,https://i.scdn.co/image/ab67616d0000b273d22aa366dee2d49f9d4094ed,1,1,226533,https://p.scdn.co/mp3-preview/0796648b992fc585b046aa38029923497fca9ae8?cid=9950ac751e34487dbbe027c4fd7f8e99,false,55,TWA470303001,,2025-02-05T08:44:41Z
spotify:track:3E7dfMvvCLUddWissuqMwr,Party In The U.S.A.,spotify:artist:5YGY8feqx7naU7z4HrwZM6,Miley Cyrus,spotify:album:0IuHVgAvbNDJnJepuSZ8Oz,The Time Of Our Lives (International Version),spotify:artist:5YGY8feqx7naU7z4HrwZM6,Miley Cyrus,2009-01-01,https://i.scdn.co/image/ab67616d0000b2734ea6653890e297d53e93e3e0,1,2,202066,,false,81,USHR10924519,,2025-02-05T08:14:19Z
spotify:track:7DSAEUvxU8FajXtRloy8M0,Flowers,spotify:artist:5YGY8feqx7naU7z4HrwZM6,Miley Cyrus,spotify:album:5DvJgsMLbaR1HmAI6VhfcQ,Endless Summer Vacation,spotify:artist:5YGY8feqx7naU7z4HrwZM6,Miley Cyrus,2023-08-18,https://i.scdn.co/image/ab67616d0000b273cd222052a2594be29a6616b5,1,1,200600,https://p.scdn.co/mp3-preview/5184d19d1b7fcc3e7c067e38af45a7cc80851440?cid=9950ac751e34487dbbe027c4fd7f8e99,false,85,USSM12209777,,2025-02-05T07:38:13Z
spotify:track:4KjPt8HrShkDOASRyMkTJ4,帶我去找夜生活,spotify:artist:6xErgeZYatiaQ36SB5bvi8,告五人,spotify:album:3xk8Iced6AQm2zMZcfHmrZ,帶我去找夜生活,spotify:artist:6xErgeZYatiaQ36SB5bvi8,告五人,2019-12-25,https://i.scdn.co/image/ab67616d0000b27301ac233a16db3c598b5946ed,1,1,299704,https://p.scdn.co/mp3-preview/a66dbbb3ef27363d831b2b3459b30a4ca2f05400?cid=9950ac751e34487dbbe027c4fd7f8e99,false,54,TWFF51900013,,2024-02-09T12:55:11Z
spotify:track:19fp9nI0tq0lcBl7XoCHAb,唯一 (三立/台視戲劇《戀愛是科學》插曲),spotify:artist:6xErgeZYatiaQ36SB5bvi8,告五人,spotify:album:6Vss0GQqlLtD4k3lSXnYI5,運氣來得若有似無,spotify:artist:6xErgeZYatiaQ36SB5bvi8,告五人,2020-12-31,https://i.scdn.co/image/ab67616d0000b273dea5f1d53c6450cde827daef,1,5,270760,https://p.scdn.co/mp3-preview/7b2c3fceb6a607dfa8b1df4f8609665375085540?cid=9950ac751e34487dbbe027c4fd7f8e99,false,56,TWK232012905,,2024-02-09T12:55:09Z
spotify:track:27FOde2nUw0pFuj7hlPbaS,愛人錯過,spotify:artist:6xErgeZYatiaQ36SB5bvi8,告五人,spotify:album:7yvCk24AtE9k0vLcolSs2i,我肯定在幾百年前就說過愛你,spotify:artist:6xErgeZYatiaQ36SB5bvi8,告五人,2019-06-14,https://i.scdn.co/image/ab67616d0000b2737a2aff746e4093fecd950130,1,1,292074,https://p.scdn.co/mp3-preview/c9db87ce67859e3c0589259a23ce221efd5581eb?cid=9950ac751e34487dbbe027c4fd7f8e99,false,65,TWFF51900001,,2024-02-09T06:57:09Z
spotify:track:0D0n4q2o54VTOmDJdL6ikY,痴心絕對,spotify:artist:7ya3wFqG9X35S7L7XSrE2i,李聖傑,spotify:album:4QujlUn9OTLG4qFxMja90M,痴心絕對,spotify:artist:7ya3wFqG9X35S7L7XSrE2i,李聖傑,2002-06-27,https://i.scdn.co/image/ab67616d0000b273e34baf069252392938495697,1,1,262400,https://p.scdn.co/mp3-preview/79660969f6f03dbc1118f2ee1b8ac75229126010?cid=9950ac751e34487dbbe027c4fd7f8e99,false,57,TWE110200201,,2024-02-09T06:34:50Z
spotify:track:7ddiY4vKMxBMesaRPV5dU2,Dear John,spotify:artist:4CuqRi7km54aRnNUE1rVqj,王雪娥,spotify:album:4T8YV0OFq3VBxqg0MxWBrE,傻瓜就是我,spotify:artist:4CuqRi7km54aRnNUE1rVqj,王雪娥,1999-01-01,https://i.scdn.co/image/ab67616d0000b2734e27e0ddb0e04388e04960d4,1,5,311333,,false,43,TWA559907105,,2025-04-13T15:13:05Z
spotify:track:1b5IRT3iraxjHOsKZx93sW,月牙灣,spotify:artist:5oqLnVZzJJXE3YnzzZfRKu,飛兒樂團,spotify:album:3jFtKa1iT9rD5Xb40mHgQ1,愛‧歌姬,spotify:artist:5oqLnVZzJJXE3YnzzZfRKu,飛兒樂團,2007-09-28,https://i.scdn.co/image/ab67616d0000b2733653891f79d36296182d5b15,1,7,308546,https://p.scdn.co/mp3-preview/6caab8f5a744ba94d9efc712ff4b8267d6c85a11?cid=9950ac751e34487dbbe027c4fd7f8e99,false,61,TWA530757807,,2025-03-20T07:20:28Z
spotify:track:0Q4YuuiCuxIIKUw2fb1cmV,我們的愛,spotify:artist:5oqLnVZzJJXE3YnzzZfRKu,飛兒樂團,spotify:album:268ZucmIubAGuH8AGwYZEZ,飛兒樂團,spotify:artist:5oqLnVZzJJXE3YnzzZfRKu,飛兒樂團,2004-04-23,https://i.scdn.co/image/ab67616d0000b273f475bb027a3f2f9aef2e7940,1,5,287026,https://p.scdn.co/mp3-preview/742f41119b1dbae2e16177a13ba2182b47225e27?cid=9950ac751e34487dbbe027c4fd7f8e99,false,63,TWA530401205,,2025-03-20T06:39:51Z
spotify:track:6lanRgr6wXibZr8KgzXxBl,a thousand years,spotify:artist:7H55rcKCfwqkyDFH9wpKM6,Christina Perri,spotify:album:15yvc643iYfQtb6zh9NEJo,a thousand years,spotify:artist:7H55rcKCfwqkyDFH9wpKM6,Christina Perri,2011-10-18,https://i.scdn.co/image/ab67616d0000b2733dea4a2ccd58ad1f8e4dbb03,1,1,285120,https://p.scdn.co/mp3-preview/be3f3ae6466123836bb05ce0a23a368c196e62f7?cid=9950ac751e34487dbbe027c4fd7f8e99,false,83,USAT21102141,,2024-03-07T06:22:54Z
spotify:track:305JUOn2scJ85yXmf2zT2G,Somewhere in Vegas,spotify:artist:6d8NscVVbeMVINZwJDOoN5,Crash Adams,spotify:album:3MzfiAvF6hweDfGmWRyMWR,Somewhere in Vegas,spotify:artist:6d8NscVVbeMVINZwJDOoN5,Crash Adams,2024-02-23,https://i.scdn.co/image/ab67616d0000b273301305774c4b243bafc40a11,1,1,164783,https://p.scdn.co/mp3-preview/ca8f4f61f05d0205389cdc9a280d36251840f9d3?cid=9950ac751e34487dbbe027c4fd7f8e99,false,47,CAW112300725,,2024-03-07T06:29:27Z
spotify:track:4vNb00haPZzONbi6Gzsfb9,你最初的,spotify:artist:29lWjVuEiIclDu9uh8HBdG,于果,spotify:album:6pcz8iubqAyuZcVUh6vpxS,你最初的,spotify:artist:29lWjVuEiIclDu9uh8HBdG,于果,2022-09-22,https://i.scdn.co/image/ab67616d0000b27308f20fac2cd737b974cd5dbb,1,1,295224,https://p.scdn.co/mp3-preview/8ed9859705788b5473e7eb1f25ab750ab7d027c3?cid=9950ac751e34487dbbe027c4fd7f8e99,false,12,HKG732303902,,2024-03-07T06:29:49Z
spotify:track:7wFEzF8FbofVlQS1OcbghM,The Winner Is,"spotify:artist:0hk8VgR64voU5ueK96W2DI, spotify:artist:0x8J72N9ilqcIZbWEKB8T2","DeVotchKa, Mychael Danna",spotify:album:0HYwlr4Y6ZSIV4gvHw4xX8,Little Miss Sunshine (Original Motion Picture Soundtrack),"spotify:artist:0hk8VgR64voU5ueK96W2DI, spotify:artist:0x8J72N9ilqcIZbWEKB8T2","DeVotchKa, Mychael Danna",2006-07-11,https://i.scdn.co/image/ab67616d0000b27336f2b6337e5ba290f2f6134d,1,1,184813,https://p.scdn.co/mp3-preview/15206053de0ff5f32e4cf7922155c71ddc891116?cid=9950ac751e34487dbbe027c4fd7f8e99,false,62,USLS50686501,,2024-03-07T06:35:53Z
spotify:track:7sZ2TYlrwABMuE9QrlntxT,In This Rush,"spotify:artist:6xwOjuaWXnEseeuTLRayy9, spotify:artist:3vhSndh4ek1drUerI776VD","Mike Parr, Frida Winsth",spotify:album:6h6R0skXcuOd8qsmMbk6sf,Still Burning,spotify:artist:6xwOjuaWXnEseeuTLRayy9,Mike Parr,2018-04-27,https://i.scdn.co/image/ab67616d0000b2730aa95f92698c3750b3609ef6,1,3,230000,https://p.scdn.co/mp3-preview/70c2eb7d9fa2f5e3b282ac04fadda190bd72d0f9?cid=9950ac751e34487dbbe027c4fd7f8e99,false,18,SE5Q51828106,,2024-03-07T06:36:19Z
spotify:track:4xwyELZEfX3omY3mydWqdy,你要跳舞吗,spotify:artist:3asy14alGCZBDd3Y6pbBbp,新裤子乐队,spotify:album:1VA36Np25W9m4aMqLE18W9,生命因你而火热,spotify:artist:3asy14alGCZBDd3Y6pbBbp,新裤子乐队,2016-04-01,https://i.scdn.co/image/ab67616d0000b273a692767935d929f33763ae33,1,1,193426,,false,1,CNA231503115,,2024-03-07T06:40:19Z
spotify:track:3Y48QiWUzLNtIFVO8QlggC,失戀陣線聯盟,spotify:artist:5IxPdROZmnCyD6TBuSJMYE,草蜢,spotify:album:0xifN8vn4Pukdln7gUOXC6,失戀陣線聯盟,spotify:artist:5IxPdROZmnCyD6TBuSJMYE,草蜢,1990-10-18,https://i.scdn.co/image/ab67616d0000b273ddec014074176d8b2a847c0f,1,2,173293,,false,50,HKA610500010,,2024-03-07T06:48:57Z
spotify:track:4DE5AxR1Nj35VmOV5yWvIa,如果有来生,spotify:artist:5OLP6DfmnIg5itBG2UDNjd,谭维维,spotify:album:2ster14EXEKnjSpwhzuYt1,谭某某,spotify:artist:5OLP6DfmnIg5itBG2UDNjd,谭维维,2010-03-30,https://i.scdn.co/image/ab67616d0000b273b21260368eb604d04e438dfc,1,1,247266,https://p.scdn.co/mp3-preview/0412c6a55b10c5ba167f0398304f1e1a12313e94?cid=9950ac751e34487dbbe027c4fd7f8e99,false,35,HKG732236883,,2024-03-07T06:49:40Z
spotify:track:66nL7Hvj8miwdLjXcPh8RT,看月亮爬上来,spotify:artist:75udD9hen8NeHTe92rUNLa,張杰,spotify:album:10pGqcc2SCG7u7L56HVAdY,穿越三部曲,spotify:artist:75udD9hen8NeHTe92rUNLa,張杰,2009-11-02,https://i.scdn.co/image/ab67616d0000b27374a7a2b52bc00a3a58093e51,1,2,198413,https://p.scdn.co/mp3-preview/2f56ee0936324acb96d8885ec3878fc17ca1c9e0?cid=9950ac751e34487dbbe027c4fd7f8e99,false,27,HKG732235866,,2024-03-07T06:49:59Z
spotify:track:4y8Rb0jR4jff14RgjOQt0Q,Opening Titles (from Raised by Wolves),"spotify:artist:2HjSHJEX1H8AC3lhhgCwXh, spotify:artist:6qEM4txXHvfMbOUOK9L7pl","Mariam Wallentin, Ben Frost",spotify:album:6kSnkJnCcGJa8GVYrNlbL2,Raised by Wolves: Season 1 (Soundtrack from the HBO Max Original Series),"spotify:artist:02qXVbvAMyWhdHb2GfUcXM, spotify:artist:6qEM4txXHvfMbOUOK9L7pl","Marc Streitenfeld, Ben Frost",2021-07-02,https://i.scdn.co/image/ab67616d0000b273bb8c6aee17cc0ca50742687b,1,1,66906,https://p.scdn.co/mp3-preview/1fbcff59e710b031c1c391d1965a738eae934be0?cid=9950ac751e34487dbbe027c4fd7f8e99,false,31,USNLR2100645,,2024-03-07T06:54:10Z
spotify:track:0OSrEcWhsnH2SkgBFAKaTO,The truth that you leave,spotify:artist:3joiOBMU5QC1DCVOYOwLhL,Pianoboy高至豪,spotify:album:6bHYmjFEWnGTXfTw6w0cLD,Pianoboy,spotify:artist:3joiOBMU5QC1DCVOYOwLhL,Pianoboy高至豪,2008-03-15,https://i.scdn.co/image/ab67616d0000b27309ee8db7f7637249ad97a3dd,1,2,223467,https://p.scdn.co/mp3-preview/4f8d5e81482816c1e062ca32f882cbb9a865ef3c?cid=9950ac751e34487dbbe027c4fd7f8e99,false,45,TWAE31500597,,2024-03-07T06:58:07Z
spotify:track:6SQUopvuZyrWYjYayxxSXl,Rollin',spotify:artist:7t5H3uQv0Zw6cQUnSTF5BB,Brave Girls,spotify:album:3FuZ0bCYhMcoex6KN0F360,Rollin',spotify:artist:7t5H3uQv0Zw6cQUnSTF5BB,Brave Girls,2017-03-07,https://i.scdn.co/image/ab67616d0000b27373d59cc449e4592026c3997a,1,1,197746,https://p.scdn.co/mp3-preview/65a7e5c4e60835f19398d7eb8049886caea316b7?cid=9950ac751e34487dbbe027c4fd7f8e99,false,59,KRB921940113,,2024-03-07T06:58:20Z
spotify:track:3eoekDicyuBn4ACMbHVQ5C,Famous,spotify:artist:43G7qlx7v7OGJJrUTXIqLq,Kayla Rae Haywood,spotify:album:0WgQ0VmAD32gNF6TIzgIvt,Famous,spotify:artist:43G7qlx7v7OGJJrUTXIqLq,Kayla Rae Haywood,2017-11-17,https://i.scdn.co/image/ab67616d0000b273e25173375fd28909d49509f0,1,1,223591,https://p.scdn.co/mp3-preview/aacb859401714394f1736013feefb03ab9f371e6?cid=9950ac751e34487dbbe027c4fd7f8e99,false,38,GBWWP1703280,,2024-03-07T07:16:14Z
spotify:track:0EWIXgzfC5eMBRCj3eB0oG,You Will Find Me,spotify:artist:3BWtALtalPxptLllZwZ4QI,CHPTRS,spotify:album:60VlqzDxxtR8qzIXIIQJsU,Chapter Two,spotify:artist:3BWtALtalPxptLllZwZ4QI,CHPTRS,2018-01-05,https://i.scdn.co/image/ab67616d0000b273e058f4bad9ef77e73d7712ab,1,3,269127,https://p.scdn.co/mp3-preview/4e0ba7584b9ccf79ddcd1191dd528e06140f94a7?cid=9950ac751e34487dbbe027c4fd7f8e99,false,0,USCGH1808579,,2024-03-07T07:22:18Z
spotify:track:06yShsB7chdkcdhJ9zGivL,Salt,spotify:artist:4QYpGnbyzzQitOrN4umfpn,Amy Peters,spotify:album:0xTBFEsHv8MFp5BokXvd7d,Fever Dream,spotify:artist:4QYpGnbyzzQitOrN4umfpn,Amy Peters,2020-04-10,https://i.scdn.co/image/ab67616d0000b273e6dbc77e53d057926d2a2c32,1,4,179437,https://p.scdn.co/mp3-preview/21fd91485141b20362629bb574fef6ebceea34b0?cid=9950ac751e34487dbbe027c4fd7f8e99,false,14,QMGBM1910003,,2024-03-07T07:25:13Z
spotify:track:6Ie89U5TKta8UYrBqSGw9r,Don't Wake Me Up,spotify:artist:5aBl0uvrmKotEqaLHg5eF8,Josh Leake,spotify:album:0ou4EnwqlGmHlu7ey55W24,Don't Wake Me Up,spotify:artist:5aBl0uvrmKotEqaLHg5eF8,Josh Leake,2018-01-29,https://i.scdn.co/image/ab67616d0000b273ac5c65f37cfcd6b6f0de2dc3,1,1,289583,https://p.scdn.co/mp3-preview/e2d36d611da6def92d7096b2b48e4c5ffd9165f0?cid=9950ac751e34487dbbe027c4fd7f8e99,false,22,QZAPG1897303,,2024-03-07T07:28:14Z
spotify:track:0rSay7XtVEOhhTYzUCBZvy,Minstrel Boy,"spotify:artist:4AtmMKXX6DtZGKMVHaECZ6, spotify:artist:6t3PJIhjCRRJ1SH1O3zbLp, spotify:artist:2Z5lKIGwlrAsKUvsOZfyuW, spotify:artist:2A09V0kHlETOFfT8Hz8oba, spotify:artist:4iWXQf8Cq2qEM6DuT8aFrE, spotify:artist:57dnkGmq0CFaQpGIKLy2b0, spotify:artist:2j0a6SKKTAXaaNWU3pl86d","Scott Shields, Martin Slattery, Richard Flack, Joe Strummer, Paul Cook, Tymon Murray, Joe Strummer & The Mescaleros",spotify:album:3Eh8eEKS1cYsqCrZw2CyZf,Black Hawk Down (Original Motion Picture Soundtrack),spotify:artist:0YC192cP3KPCRWx8zr8MfZ,Hans Zimmer,2002-01-15,https://i.scdn.co/image/ab67616d0000b2730f56ebdcb40b0329e9592f99,1,14,342586,https://p.scdn.co/mp3-preview/66298508f108d252b31458b4e7128a71378e5b20?cid=9950ac751e34487dbbe027c4fd7f8e99,false,22,USUMC0110417,,2024-03-07T07:31:21Z
spotify:track:5mEqD00bdFcsiVd0MfvEeF,Dream lantern,spotify:artist:1EowJ1WwkMzkCkRomFhui7,RADWIMPS,spotify:album:4qApTp9557qYZzRLEih4uP,Your Name.,spotify:artist:1EowJ1WwkMzkCkRomFhui7,RADWIMPS,2016-08-24,https://i.scdn.co/image/ab67616d0000b2733d1869d8c477d291a205a2d6,1,1,131666,https://p.scdn.co/mp3-preview/218f3547354a7b0620150e41afa267eb0507a4e1?cid=9950ac751e34487dbbe027c4fd7f8e99,false,64,JPPO01618952,,2024-03-07T07:31:46Z
spotify:track:2DLrgv7HhJanCuD8L9uJLR,Zenzenzense - movie ver.,spotify:artist:1EowJ1WwkMzkCkRomFhui7,RADWIMPS,spotify:album:4qApTp9557qYZzRLEih4uP,Your Name.,spotify:artist:1EowJ1WwkMzkCkRomFhui7,RADWIMPS,2016-08-24,https://i.scdn.co/image/ab67616d0000b2733d1869d8c477d291a205a2d6,1,8,285880,https://p.scdn.co/mp3-preview/d32886e7be0adc7749dcfc834dc778ae86d1dca9?cid=9950ac751e34487dbbe027c4fd7f8e99,false,63,JPPO01617097,,2024-03-07T07:31:57Z
spotify:track:7vFv0yFGMJW3qVXbAd9BK9,Your Body Is a Wonderland,spotify:artist:0hEurMDQu99nJRq8pTxO14,John Mayer,spotify:album:3yHOaiXecTJVUdn7mApZ48,Room For Squares,spotify:artist:0hEurMDQu99nJRq8pTxO14,John Mayer,2001-08-16,https://i.scdn.co/image/ab67616d0000b2738848d57cbfa7751e028f4dc9,1,4,249626,https://p.scdn.co/mp3-preview/a7d335b30248ec70bf01b823af25d5c4126841a6?cid=9950ac751e34487dbbe027c4fd7f8e99,false,74,USSM10102943,,2024-03-07T07:39:44Z
spotify:track:09nEPqqMCJ5gNioi7M2dth,New Soul,spotify:artist:32aFdXARUiqP81SXqIPD4w,Yael Naim,spotify:album:5Iso63Aj7dqC50fWXHeIsk,Yael Naim,"spotify:artist:32aFdXARUiqP81SXqIPD4w, spotify:artist:0VdHLIpwEgzFgTOir6MNCs","Yael Naim, David Donatien",2007-10-22,https://i.scdn.co/image/ab67616d0000b27306a866cc2e08661f1fc39609,1,3,225105,https://p.scdn.co/mp3-preview/3300612c1b50b9e9200ec986c89bbcf37582068b?cid=9950ac751e34487dbbe027c4fd7f8e99,false,64,FR79W0700370,,2024-03-07T07:48:16Z
spotify:track:6eTGxxQxiTFE6LfZHC33Wm,Hoppípolla,spotify:artist:6UUrUCIZtQeOf8tC0WuzRy,Sigur Rós,spotify:album:3sE83l3A58DipFp3EzNLiE,Takk...,spotify:artist:6UUrUCIZtQeOf8tC0WuzRy,Sigur Rós,2005-09-09,https://i.scdn.co/image/ab67616d0000b27386b9c2836a00b67081e787a1,1,3,268706,https://p.scdn.co/mp3-preview/46f6083421266be521ab3e39ee1a62cd916af332?cid=9950ac751e34487dbbe027c4fd7f8e99,false,56,GBKEE0500003,,2024-03-07T07:51:02Z
spotify:track:7v0pUAM7H5nkDwOMOGSZ0f,起风了,spotify:artist:3yZMiB20tCWB68QWMz9q2k,La Jiao,spotify:album:2485xy2OQ6aMecJ56Wc0O3,起风了（The Wind）,spotify:artist:3yZMiB20tCWB68QWMz9q2k,La Jiao,2018-12-03,https://i.scdn.co/image/ab67616d0000b273c65a832d768e847605f634f2,1,1,325868,https://p.scdn.co/mp3-preview/c01a24a258e64ec6d6df4a72bfea6b6b0fdf82a5?cid=9950ac751e34487dbbe027c4fd7f8e99,false,43,JPZ921813359,,2024-03-07T07:51:31Z
spotify:track:3CDcr9ogSecLIwourcz760,水星记,spotify:artist:1CqvjaECUkhe4BMeYz4Ihh,郭顶,spotify:album:0Xxoh9bYLeYX1iwKDt9Xky,飞行器的执行周期,spotify:artist:1CqvjaECUkhe4BMeYz4Ihh,郭顶,2016-11-25,https://i.scdn.co/image/ab67616d0000b273a0afd108c5474ad64f23faae,1,5,325266,,false,55,CNUM71600046,,2024-03-07T07:58:57Z
spotify:track:4YadhxDW5xup3LMqC4VT75,Run Back to You,"spotify:artist:2KjxvxgJvbwweNVRMSuIRG, spotify:artist:3V64tT9rVD9R0DaA4XKt3K","Hoang, Alisa",spotify:album:38dwkJzByqmOoLIl3pOj1f,Run Back to You,spotify:artist:2KjxvxgJvbwweNVRMSuIRG,Hoang,2020-08-28,https://i.scdn.co/image/ab67616d0000b2737e8c5cdc8aa7d11199ac7ff0,1,1,194722,https://p.scdn.co/mp3-preview/151f0b123f244ad9d7417b708630da5103bae7c5?cid=9950ac751e34487dbbe027c4fd7f8e99,false,51,QZK6M2008313,,2024-03-07T08:02:46Z
spotify:track:59wlTaYOL5tDUgXnbBQ3my,A Moment Apart,spotify:artist:21mKp7DqtSNHhCAU2ugvUw,ODESZA,spotify:album:3VzsvmhnUb9OZ59bq2aoNZ,A Moment Apart,spotify:artist:21mKp7DqtSNHhCAU2ugvUw,ODESZA,2017-09-08,https://i.scdn.co/image/ab67616d0000b27345951a69fe39a6e163122eab,1,2,234244,https://p.scdn.co/mp3-preview/6a7d53ab95a84ba17469a7e182034655ab426949?cid=9950ac751e34487dbbe027c4fd7f8e99,false,68,GBCFB1700210,,2024-03-07T08:10:16Z
spotify:track:1vTW1VtvBp4FaABSs0hWS5,Hope,spotify:artist:3aRscMJRah0QrvGE5rkvZl,Tony Anderson,spotify:album:3b35RFL2XIGKENnFJQxdYh,Hope,spotify:artist:3aRscMJRah0QrvGE5rkvZl,Tony Anderson,2011-12-25,https://i.scdn.co/image/ab67616d0000b273aa849673a45bc11f35f14f5c,1,1,95653,https://p.scdn.co/mp3-preview/659a89b54cfe8d9c8b205edf05ee4a1300bfcec1?cid=9950ac751e34487dbbe027c4fd7f8e99,false,17,USDHM1423741,,2024-03-07T08:22:29Z
spotify:track:4gzwK4RdSK9M43vPY68J2Y,It's All Right,spotify:artist:0eRbECAGCLLiTyVXPBRexU,Jon Batiste,spotify:album:2ffRAIZdlGEwnYE5ytIw88,Soul (Original Motion Picture Soundtrack),spotify:artist:0LyfQWJT6nXafLPZqxe9Of,群星,2020-12-18,https://i.scdn.co/image/ab67616d0000b27359efcae1eace11fdafb683ea,1,41,170186,,false,51,USWD12097137,,2024-03-06T06:24:25Z
spotify:track:4D9s4TwZvW9UTmnX7AR8Q4,Que Sera Sera,spotify:artist:0MID3D49WKmEGfBINN0VJC,Billianne,spotify:album:0SYFIypbnQ2bU0Vs2f9zIE,Que Sera Sera,spotify:artist:0MID3D49WKmEGfBINN0VJC,Billianne,2022-06-02,https://i.scdn.co/image/ab67616d0000b27306d210d3e0adfe87f2c4bc37,1,1,135593,https://p.scdn.co/mp3-preview/3d3901d9182aad9fe8610b7e7d12ea21565ec3d0?cid=9950ac751e34487dbbe027c4fd7f8e99,false,47,US3DF2253565,,2024-03-06T06:25:22Z
spotify:track:633Zk0NRe7kuglSgPmUvSG,Time To Say Goodbye,"spotify:artist:3EA9hVIzKfFiQI0Kikz2wo, spotify:artist:7Ead768rc4ShGxnqtqccU5","Andrea Bocelli, Sarah Brightman",spotify:album:3bqaZBUz92ypc2bCLinACW,Romanza (Edición Especial En Español),spotify:artist:3EA9hVIzKfFiQI0Kikz2wo,Andrea Bocelli,1996-01-01,https://i.scdn.co/image/ab67616d0000b273577db4a285de616015f58650,1,15,246266,,false,65,NLA319600417,,2024-03-06T06:27:08Z
spotify:track:6ik5h69AqI6l3LlxpB9TBe,Mango Love,"spotify:artist:1DLKitfb8fshL0DtCecRpY, spotify:artist:1cD70wZHi8HMyLYVDSV9We","Shawn Wasabi, SATICA",spotify:album:3wrPbZVS7jQ0IgK7MdTKd0,Mango Love,spotify:artist:1DLKitfb8fshL0DtCecRpY,Shawn Wasabi,2018-10-19,https://i.scdn.co/image/ab67616d0000b273c4ffd1b4b449298d34a4da51,1,1,181940,https://p.scdn.co/mp3-preview/dc2ab695f4623d3ff55cd61754fb1e738eb68c16?cid=9950ac751e34487dbbe027c4fd7f8e99,false,24,TCADX1824132,,2024-03-06T06:31:18Z
spotify:track:1ixhDcbuuFUepgnsjl3ybU,夏日漱石（Summer Cozy Rock）,spotify:artist:3xcaXZYFSV0iRmgu9defBW,橘子海,spotify:album:1XmHCk8LzGRb1an4AsxKZk,浪潮上岸（Tears In Ocean）,spotify:artist:3xcaXZYFSV0iRmgu9defBW,橘子海,2019-08-14,https://i.scdn.co/image/ab67616d0000b27346d69c5b65f8675119cf0779,1,1,263713,https://p.scdn.co/mp3-preview/588baa6cd0fd95f3c39120122d9e712a8be6a103?cid=9950ac751e34487dbbe027c4fd7f8e99,false,39,CNZ511900107,,2024-03-06T06:32:23Z
spotify:track:4BaRL9K7SLkEyRGUSTUxTN,Stay Here Forever,spotify:artist:6FbDoZnMBTdhhhLuJBOOqP,Jewel,spotify:album:7gj1Py9ZW7q7C1VNMWg5yB,Sweet And Wild,spotify:artist:6FbDoZnMBTdhhhLuJBOOqP,Jewel,2010-01-01,https://i.scdn.co/image/ab67616d0000b27387e979b4e704398bbbe57bf4,1,7,179746,,false,25,USLXJ1001160,,2024-03-06T06:50:47Z
spotify:track:78v8ad1iLTlfLbam4qvzNu,Waiting,"spotify:artist:0daugAjUgbJSqdlyYNwIbT, spotify:artist:2tUq6RAxkUzZPf2WWLXMa4","Vicetone, Daisy Guttridge",spotify:album:0W9qCb5BsEOZvxiRWM4l8D,Waiting,"spotify:artist:0daugAjUgbJSqdlyYNwIbT, spotify:artist:2tUq6RAxkUzZPf2WWLXMa4","Vicetone, Daisy Guttridge",2019-05-17,https://i.scdn.co/image/ab67616d0000b273b171c6d40462b4548a5e0134,1,1,205714,https://p.scdn.co/mp3-preview/ebc7c1af6eeb5ea0005ebde491f4d23db7136ef4?cid=9950ac751e34487dbbe027c4fd7f8e99,false,57,CA6D21900139,,2024-03-06T06:57:00Z
spotify:track:1eT2CjXwFXNx6oY5ydvzKU,Hey Jude,spotify:artist:3WrFJ7ztbogyGnTHbHJFl2,The Beatles,spotify:album:1Ye7yrA7vAlQnoooj8yDXb,Love,spotify:artist:3WrFJ7ztbogyGnTHbHJFl2,The Beatles,2006-11-17,https://i.scdn.co/image/ab67616d0000b27330503dbc30e621c96913379b,1,24,238854,,false,69,GBAYE0601566,,2024-03-06T07:04:10Z
spotify:track:1N3dZ7TTWO6VcD4Y3hHYLZ,Try Everything,spotify:artist:0EmeFodog0BfCgMzAIvKQp,Shakira,spotify:album:3X6netsswLt0U97Doga56C,Zootopia (Original Motion Picture Soundtrack),spotify:artist:4kLvhMAuCloLxoP1aVM7Lr,Michael Giacchino,2016-02-12,https://i.scdn.co/image/ab67616d0000b273bb8981af04f38a53e2be34f5,1,1,196853,,false,70,USWD11575402,,2024-03-06T07:04:22Z
spotify:track:0vPUJL52UH6nOK07vKXns3,文爱,"spotify:artist:5MgTpw2p3qsxcl4Qt277mr, spotify:artist:1a05KIdOVeXhy1Mlnwl1FY","CG, 贺敬轩",spotify:album:0KQEC5ENbsvEkAe44hDALa,文爱,"spotify:artist:5MgTpw2p3qsxcl4Qt277mr, spotify:artist:1a05KIdOVeXhy1Mlnwl1FY","CG, 贺敬轩",2023-09-20,https://i.scdn.co/image/ab67616d0000b2732536e17655adf0adf931a579,1,1,201536,https://p.scdn.co/mp3-preview/3b0c4db6a602675c18daad9213eca5d66c7097ce?cid=9950ac751e34487dbbe027c4fd7f8e99,false,0,DGA0L2339397,,2024-03-06T07:37:08Z
spotify:track:4qmTthuSSGU7YDTKnIcC4C,Pressure,spotify:artist:43G7qlx7v7OGJJrUTXIqLq,Kayla Rae Haywood,spotify:album:2POEGyWVflTJkTFKeEUCKl,Pressure,spotify:artist:43G7qlx7v7OGJJrUTXIqLq,Kayla Rae Haywood,2020-11-13,https://i.scdn.co/image/ab67616d0000b2732df282a80905cee5581a74ba,1,1,164998,https://p.scdn.co/mp3-preview/deb6e555dfd290ee556e3515cee1016bbe003439?cid=9950ac751e34487dbbe027c4fd7f8e99,false,30,GBKPL2029106,,2024-03-06T07:37:25Z
spotify:track:6bVQ5868pgEnRKjKDMbM8J,LA in Two,spotify:artist:6xgvgzXNv3ymcITXTrxRaA,ELIO,spotify:album:2fKMuL4b6ppyGl39rifX0D,LA in Two,spotify:artist:6xgvgzXNv3ymcITXTrxRaA,ELIO,2020-05-29,https://i.scdn.co/image/ab67616d0000b273850aa42a9c2b48f17402d609,1,1,224869,https://p.scdn.co/mp3-preview/d96b98c583eee1359594ee6412fecf47e9a8c40f?cid=9950ac751e34487dbbe027c4fd7f8e99,false,0,QMEZE1949139,,2024-03-06T07:45:17Z
spotify:track:6dvjPTnrQoXfKjgxtE0wF7,Stargazing (feat. Amelie),"spotify:artist:5HqJR4LXclbZPAwQ636j84, spotify:artist:68Spx9j3Okz0PeAjH95QPp","Severo, Amelie",spotify:album:34XwdXUTfBMNJmgvYYYEj4,Stargazing (feat. Amelie),spotify:artist:5HqJR4LXclbZPAwQ636j84,Severo,2017-11-20,https://i.scdn.co/image/ab67616d0000b2733da5db66041d1a11afc245ab,1,1,201600,https://p.scdn.co/mp3-preview/5b217ddf3024eae538e2f1d90abc851e5128a6d0?cid=9950ac751e34487dbbe027c4fd7f8e99,false,37,TCADJ1717744,,2024-03-06T07:57:11Z
spotify:track:2csVtq15gaThr54AiwC8mU,"Misirlou - From ""Pulp Fiction""",spotify:artist:7J77vP6EbI63lB3snZeRj4,Dick Dale & His Del-Tones,spotify:album:62FWFTNJagFjPILJNrNkYR,Music from Quentin Taratino Movies (Original Recordings),spotify:artist:0LyfQWJT6nXafLPZqxe9Of,群星,2013-01-01,https://i.scdn.co/image/ab67616d0000b2735d55d327bec76151b895b070,1,10,135986,https://p.scdn.co/mp3-preview/84efc272c85b78a7571804767a2ed075d4be778e?cid=9950ac751e34487dbbe027c4fd7f8e99,false,34,DEBL60553753,,2024-03-06T08:04:01Z
spotify:track:7zDtkBUo1AErTeaEYkoZxd,晚风,"spotify:artist:70rRmAtccZAhVzNj2QOWKx, spotify:artist:6Wai1tV46xEjafZclZI45l","Copy, Bt07 Pz",spotify:album:0Fszzfq5u0pVLHmMVKa8Eg,晚风,"spotify:artist:70rRmAtccZAhVzNj2QOWKx, spotify:artist:6Wai1tV46xEjafZclZI45l","Copy, Bt07 Pz",2020-04-19,https://i.scdn.co/image/ab67616d0000b273480431a2ab9874e34af4d079,1,1,202666,https://p.scdn.co/mp3-preview/0a5ccf31b4b13da8e26be98bd395ea7ba4bdd21c?cid=9950ac751e34487dbbe027c4fd7f8e99,false,39,HKG732132897,,2024-03-06T08:39:58Z
spotify:track:7Lz1xHUHINBJ1Dd9DgB8TG,晚风心里吹,spotify:artist:0sdzOWkAeGwYTOwq3ubv3d,阿梨粤,spotify:album:0qK7SttzZFHi4GUfG7iqyl,晚风心里吹,spotify:artist:0sdzOWkAeGwYTOwq3ubv3d,阿梨粤,2022-04-21,https://i.scdn.co/image/ab67616d0000b273e3c902d84055f18f1a9809f5,1,1,186384,,false,44,CNZ632200271,,2024-03-06T08:40:44Z
spotify:track:2HmM5p02Q2qrYZvXJRLVx3,倒數,spotify:artist:7aRC4L63dBn3CiLDuWaLSI,鄧紫棋,spotify:album:5tiWzEgxHiddFZUt5Swfzg,倒數,spotify:artist:7aRC4L63dBn3CiLDuWaLSI,鄧紫棋,2018-08-10,https://i.scdn.co/image/ab67616d0000b273fb25f74dab29a765cf6f2790,1,1,229333,https://p.scdn.co/mp3-preview/74248b7de59882e257433e016b47dc05e4092977?cid=9950ac751e34487dbbe027c4fd7f8e99,false,57,HKI111800002,,2024-03-06T08:41:12Z
spotify:track:6JdqrRn6XWk9e5ZcicCmtm,把回忆拼好给你,spotify:artist:6qXHEV470p1bYHxkTSVrRs,王贰浪,spotify:album:0RUyQ8bYriqUWOQj8Yef8B,把回忆拼好给你,spotify:artist:6qXHEV470p1bYHxkTSVrRs,王贰浪,2019-11-14,https://i.scdn.co/image/ab67616d0000b273c0db2df3ae80b9acc6df9296,1,1,381000,https://p.scdn.co/mp3-preview/6d34d2e6f3a4ed56276440ff0470121ac35f71f0?cid=9950ac751e34487dbbe027c4fd7f8e99,false,55,HKG732001614,,2024-03-06T08:48:18Z
spotify:track:2PZsAka95UhR0uHFcI4xmI,Wind Shear,spotify:artist:5p0zkKpBuRguKebwRe0RI2,Pierce Fulton,spotify:album:6MPn5f98BAIBruHoUaaDPz,Better Places,spotify:artist:5p0zkKpBuRguKebwRe0RI2,Pierce Fulton,2017-06-30,https://i.scdn.co/image/ab67616d0000b2734762603be8d25a3c048bd10c,1,7,193014,https://p.scdn.co/mp3-preview/58c867efc8c76c0427ee54512c1d39544af04c26?cid=9950ac751e34487dbbe027c4fd7f8e99,false,39,TCADC1706263,,2024-03-06T08:48:35Z
spotify:track:6UviXlctHN9GV8FB3kKgLD,Chapters,"spotify:artist:1UyKp5VC9ca2m2K4jChAdS, spotify:artist:44HQ4cmv8MKMNHkPtXwZbQ","Steven Coltart, Marcus Warner",spotify:album:190lKFlCLQ7zYT9Dnf8c58,Pinnacle,"spotify:artist:1UyKp5VC9ca2m2K4jChAdS, spotify:artist:44HQ4cmv8MKMNHkPtXwZbQ","Steven Coltart, Marcus Warner",2019-01-01,https://i.scdn.co/image/ab67616d0000b273d6537cd7dbae77cf96cade04,1,6,131675,https://p.scdn.co/mp3-preview/e587791ddee744e406a6c374b75b496512c9287a?cid=9950ac751e34487dbbe027c4fd7f8e99,false,13,GBMA21890158,,2024-03-06T08:53:18Z
spotify:track:0CWZZ1hyfkKKWJymYpzhsr,One Day,spotify:artist:1md9aYaJ6Qt1FHypXICB5V,Emblem3,spotify:album:4rA1y7l62I627A69JFG1Vk,Nothing To Lose (Deluxe Version),spotify:artist:1md9aYaJ6Qt1FHypXICB5V,Emblem3,2013-07-26,https://i.scdn.co/image/ab67616d0000b273d9d942368e0650be478521c8,1,11,195293,https://p.scdn.co/mp3-preview/884548d94e092c6fe5a59a03b4b6410fac8843d3?cid=9950ac751e34487dbbe027c4fd7f8e99,false,24,USSM11302742,,2024-03-06T08:58:44Z
spotify:track:2Y73zqX7Fbs1YtVQ0OTMa1,Sparks,spotify:artist:3ff1CmU6qfTqRAmdrq8EEG,Lights & Motion,spotify:album:5hqvJlehsCk5E5kOTyJMh6,Save Your Heart,spotify:artist:3ff1CmU6qfTqRAmdrq8EEG,Lights & Motion,2013-11-12,https://i.scdn.co/image/ab67616d0000b2735292d6f3763c1a9d72732fc7,1,3,252005,https://p.scdn.co/mp3-preview/ea49fb76f217939b8c666706c6eb95ab686f0d22?cid=9950ac751e34487dbbe027c4fd7f8e99,false,15,US4KH1355003,,2024-03-06T09:04:31Z
spotify:track:4e87wv0d5XcgqCnLdpwzHO,Ascension,spotify:artist:37eAVTi0h4cxTkScarLPFC,Jordan Critz,spotify:album:6QoBBY3vPZgOA9vcqaMO9N,Ascension,spotify:artist:37eAVTi0h4cxTkScarLPFC,Jordan Critz,2017-04-07,https://i.scdn.co/image/ab67616d0000b2739f6f59d57980cb6dd4b85078,1,1,265848,https://p.scdn.co/mp3-preview/05272255d5f6c7e22244aa1ff135d2437167d4b8?cid=9950ac751e34487dbbe027c4fd7f8e99,false,14,TCACZ1716527,,2024-03-06T09:27:58Z
spotify:track:24WauQipWddO168KWahnzI,Panorama,spotify:artist:4GwtNddbBGWKxaquZyFFJG,X-Ray Dog,spotify:album:4dlqn26NKSgGaZ1tCjsXVW,Seeing Eye,spotify:artist:4GwtNddbBGWKxaquZyFFJG,X-Ray Dog,2017-04-14,https://i.scdn.co/image/ab67616d0000b27306c6ba9ef9d4903a2c512d6a,1,11,146133,https://p.scdn.co/mp3-preview/749969b6f0cc13f2ecf46ae586a544a23209a48d?cid=9950ac751e34487dbbe027c4fd7f8e99,false,7,US3DF1714024,,2024-02-29T09:33:17Z
spotify:track:6eH9JFj2rY42du5TYI2m29,Charge into 2017,spotify:artist:4BoBxTpsq0r95CNWgKUuxm,Dexter Britain,spotify:album:5KTQSClscDR5wb7qOZvLFA,Charge into 2017,spotify:artist:4BoBxTpsq0r95CNWgKUuxm,Dexter Britain,2016-12-06,https://i.scdn.co/image/ab67616d0000b2739eee78a9ee5e278279311d3f,1,1,216912,https://p.scdn.co/mp3-preview/8a5614e5915e1cf000c7cd840571d681637b77ef?cid=9950ac751e34487dbbe027c4fd7f8e99,false,4,GBLFP1659541,,2024-02-29T09:32:52Z
spotify:track:5mRrklQD0rvuN6sV10HfPn,"Unaccompanied Cello Suite No. 1 in G major, BWV 1007: I. Prélude","spotify:artist:5aIqB5nVVvmFsvSdExz408, spotify:artist:5Dl3HXZjG6ZOWT5cV375lk","Johann Sebastian Bach, 馬友友",spotify:album:6XaCGjrIRFiS5D5IVg66vb,Six Evolutions - Bach: Cello Suites,"spotify:artist:5aIqB5nVVvmFsvSdExz408, spotify:artist:5Dl3HXZjG6ZOWT5cV375lk","Johann Sebastian Bach, 馬友友",2018-08-17,https://i.scdn.co/image/ab67616d0000b27306a5197a79a10699d8c10c6c,1,1,150973,https://p.scdn.co/mp3-preview/8c08d0498c5d12468fa88deadddbe7beb725eaf4?cid=9950ac751e34487dbbe027c4fd7f8e99,false,57,USQX91801089,,2024-02-29T09:29:59Z
spotify:track:0fsEFwLSJTSHSawhe864Cp,Shots - Broiler Remix,"spotify:artist:53XhwfbYqKCa1cC15pYq2q, spotify:artist:3836OTICMPjhTMMcpPw4EC","Imagine Dragons, Broiler",spotify:album:6rRFeV6xigfNyPoZ6YqcoW,Smoke + Mirrors (Deluxe),spotify:artist:53XhwfbYqKCa1cC15pYq2q,Imagine Dragons,2015-05-11,https://i.scdn.co/image/ab67616d0000b273fc4fd5caca9f1dc4a3b0460a,1,19,191000,,false,74,USUM71503624,,2024-02-29T09:29:39Z
spotify:track:1DR7IShqf6jUg4no8cTJhq,快乐老家,spotify:artist:5qJO5zRNCFfAvwgPxPI6MD,陈明,spotify:album:5nHaC5nT0Ylzpz3FzzINda,陈明 金曲,spotify:artist:5qJO5zRNCFfAvwgPxPI6MD,陈明,1998-05-18,https://i.scdn.co/image/ab67616d0000b27364f8648a454241cb5948ed37,1,15,298200,https://p.scdn.co/mp3-preview/41a9d155af940c74679d31a296669715ca87f310?cid=9950ac751e34487dbbe027c4fd7f8e99,false,18,FRX202232455,,2024-02-29T09:23:18Z
spotify:track:2JGOuAyL6h1uwfHGWVV0eB,与梦盛开 - Bdf2021主题曲,"spotify:artist:4P2x3pFDSDXPLOKWSqUire, spotify:artist:5VNN9ctooTvYoBZKoGZ8Tr","赵方婧, 王梓钰",spotify:album:52jVYiSP6oZg5jyDufxFmQ,bilibili Dancing Festival2021,spotify:artist:0LyfQWJT6nXafLPZqxe9Of,群星,2021-02-25,https://i.scdn.co/image/ab67616d0000b27361773431627444b7621ee6cf,1,1,211600,https://p.scdn.co/mp3-preview/5a105eae3c6705d7e71ab20e8743d51e35b77116?cid=9950ac751e34487dbbe027c4fd7f8e99,false,2,DGA092354637,,2024-02-29T09:22:29Z
spotify:track:1WzAeadSKJhqykZFbJNmQv,Your Man,spotify:artist:7vCtweS8UVAXTyau2j0rDT,Josh Turner,spotify:album:5NATaOfEAcyQFATqWZRKLO,Your Man,spotify:artist:7vCtweS8UVAXTyau2j0rDT,Josh Turner,2006,https://i.scdn.co/image/ab67616d0000b273db3f7294d4bfadae81f77b38,1,4,211893,,false,73,USUM70500903,,2024-02-29T09:22:14Z
spotify:track:454G2UvyFpWTfgBADw8YHV,愛,spotify:artist:3mEfTOV1940pc4FCYYwNIQ,小虎隊,spotify:album:6nxFD4cYrZF36y1BLQMOur,愛,spotify:artist:3mEfTOV1940pc4FCYYwNIQ,小虎隊,1991-08-01,https://i.scdn.co/image/ab67616d0000b273c5970cd48a2e304ab65db2d5,1,6,269306,,false,46,TWA539118806,,2024-02-29T09:21:55Z
spotify:track:6p2uqc3Gc1n9t7ZCAHmsdc,為愛痴狂,spotify:artist:6qzfo7jiO4OrhxrvPFPlWX,劉若英,spotify:album:0PzGTds00YDYDzdkQKBwtJ,很愛很愛你,spotify:artist:6qzfo7jiO4OrhxrvPFPlWX,劉若英,1998-11-20,https://i.scdn.co/image/ab67616d0000b2738da46ea53a0633605e5f84b6,2,1,304866,https://p.scdn.co/mp3-preview/7ee0bc743665eee3e8910776537acef88f3e1ed1?cid=9950ac751e34487dbbe027c4fd7f8e99,false,43,TWB839547005,,2024-02-29T09:21:09Z
spotify:track:3yk2WzmpEsYXOMWZPjPXd7,春天裡,spotify:artist:10LslMPb7P5j9L2QXGZBmM,汪峰,spotify:album:7mg8kawI0tHcMpgxHPHT72,信仰在空中飄揚,spotify:artist:10LslMPb7P5j9L2QXGZBmM,汪峰,2009,https://i.scdn.co/image/ab67616d0000b273f722fffd59c1e2ff5305ab28,1,2,279680,https://p.scdn.co/mp3-preview/7678b59be23c5b75f9b8fcc8fccb6dcd46475096?cid=9950ac751e34487dbbe027c4fd7f8e99,false,40,HKG480910268,,2024-02-29T09:14:04Z
spotify:track:1T2ysHWyCCSVrK5uWwSind,約定,spotify:artist:0T1grpeZ4qvXm7ALeRPKno,周蕙,spotify:album:7ey6Ns631kDkmO5tz9zGFL,周蕙精選,spotify:artist:0T1grpeZ4qvXm7ALeRPKno,周蕙,2002-04-16,https://i.scdn.co/image/ab67616d0000b27338ae3221727a872dc4f0e103,1,2,260399,https://p.scdn.co/mp3-preview/293cca932085c7adf522d0c9c3fdf9382827a716?cid=9950ac751e34487dbbe027c4fd7f8e99,false,49,TWA219913802,,2024-02-29T09:13:43Z
spotify:track:4ojK9bDBbbpg1kw5ErpWVJ,再唱一次这首歌好吗?,spotify:artist:4SklOYXOJe2H6R1Vz2gc0F,鹿先森乐队,spotify:album:4l1mlBhvIO9eVrnrqRgzZy,在心碎处,spotify:artist:4SklOYXOJe2H6R1Vz2gc0F,鹿先森乐队,2020-08-31,https://i.scdn.co/image/ab67616d0000b273ac24d5712c20af121eca169c,1,2,291306,https://p.scdn.co/mp3-preview/55dd1c0c8fb059997ef7c9eec40ea73cfdd95382?cid=9950ac751e34487dbbe027c4fd7f8e99,false,14,TWAE32001658,,2024-02-29T08:38:59Z
spotify:track:0VNzEY1G4GLqcNx5qaaTl6,Vincent,spotify:artist:1gRNBaI4yn6wCCTvRhGWh8,Don McLean,spotify:album:10jsW2NYd9blCrDITMh2zS,American Pie,spotify:artist:1gRNBaI4yn6wCCTvRhGWh8,Don McLean,1971,https://i.scdn.co/image/ab67616d0000b2730085dd4362653ef4c54ebbeb,1,3,243493,,false,68,USEM38600091,,2024-02-29T08:37:42Z
spotify:track:2s8EV97AwsZ9qaybbFgrq5,那女孩对我说,spotify:artist:31A89YVMYZPUVXstvCDLqK,戴羽彤,spotify:album:1MguEpo4Lv0jFoOS3XbkRu,那女孩对我说,spotify:artist:31A89YVMYZPUVXstvCDLqK,戴羽彤,2019-10-12,https://i.scdn.co/image/ab67616d0000b273d6c624b09a9073089d71fc61,1,1,303600,https://p.scdn.co/mp3-preview/bdaa5056651da73358aa26135da11e74bbcb8b72?cid=9950ac751e34487dbbe027c4fd7f8e99,false,23,HKG732001914,,2024-02-29T08:36:29Z
spotify:track:2BLfY7RIzUQPOJ6ycOJNIn,,spotify:artist:0LyfQWJT6nXafLPZqxe9Of,,spotify:album:0WNXuLlLYCKFZCF36ZkXRY,,spotify:artist:0LyfQWJT6nXafLPZqxe9Of,群星,0000,,1,1,0,,false,0,,,2024-02-29T08:36:00Z
spotify:track:4eNeCUAnq5XuXwGanJb8qi,你的微笑,spotify:artist:5oqLnVZzJJXE3YnzzZfRKu,飛兒樂團,spotify:album:268ZucmIubAGuH8AGwYZEZ,飛兒樂團,spotify:artist:5oqLnVZzJJXE3YnzzZfRKu,飛兒樂團,2004-04-23,https://i.scdn.co/image/ab67616d0000b273f475bb027a3f2f9aef2e7940,1,8,261493,https://p.scdn.co/mp3-preview/785160eef5c55c4901ef13600e72894e180b3926?cid=9950ac751e34487dbbe027c4fd7f8e99,false,55,TWA530401208,,2024-02-29T08:33:38Z
spotify:track:7fIP72hHPvNFI8XPYsxwQ9,歐若拉,spotify:artist:4txug0T3vYc9p20tuhfCUa,張韶涵,spotify:album:5sIp9R8I3ZuXESPpkBI4i2,歐若拉,spotify:artist:4txug0T3vYc9p20tuhfCUa,張韶涵,2004-12-01,https://i.scdn.co/image/ab67616d0000b273d30c8aef90942ef304ca12f4,1,2,259160,https://p.scdn.co/mp3-preview/bea4e5ad6c680e0118171ba8a1405ce3c886adce?cid=9950ac751e34487dbbe027c4fd7f8e99,false,50,TWA210419902,,2024-02-29T08:33:23Z
spotify:track:4VriJJfnTJhi5PmlzJSAfk,Running with the Herd,spotify:artist:4BoBxTpsq0r95CNWgKUuxm,Dexter Britain,spotify:album:1bH1UVKT4lAdskLRxQ5pfz,Running with the Herd,spotify:artist:4BoBxTpsq0r95CNWgKUuxm,Dexter Britain,2019-02-01,https://i.scdn.co/image/ab67616d0000b27368a1b9ce9f0d26ffdc56d1dc,1,1,288116,https://p.scdn.co/mp3-preview/41f340c2910efb31f5454a9b3618c1fd1426985b?cid=9950ac751e34487dbbe027c4fd7f8e99,false,9,GBKPL1934596,,2024-02-29T08:33:03Z
spotify:track:1C4g4g2rThSK2s4PKakIyj,Time To Pretend,spotify:artist:57Hga3MjCzdsdEixCjr3qv,Lazer Boomerang,spotify:album:5nsg5oXwRPYwiUiS1oxrt8,Time To Pretend,spotify:artist:57Hga3MjCzdsdEixCjr3qv,Lazer Boomerang,2019-07-19,https://i.scdn.co/image/ab67616d0000b2738cb0cde7228e1cf1b728c635,1,1,314565,https://p.scdn.co/mp3-preview/aaa7672a983f00df87f0b11871de9a22aa777f62?cid=9950ac751e34487dbbe027c4fd7f8e99,false,39,CH6541941410,,2024-02-29T08:32:42Z
spotify:track:1VMkgkq0oWNqFh2m1w8WXq,Knock On Wood,spotify:artist:0I1Fh9V1fAAv3iH1t7Tdig,Justin King,spotify:album:3JJi3yO42pQnbELlDAdVUm,Le Bleu,spotify:artist:0I1Fh9V1fAAv3iH1t7Tdig,Justin King,2001-01-01,https://i.scdn.co/image/ab67616d0000b2734226eea76bb290a89d4f6814,1,11,142186,https://p.scdn.co/mp3-preview/93e7356681f9a69fc7f4f65fd0948d2c9c6563d4?cid=9950ac751e34487dbbe027c4fd7f8e99,false,12,usx9p0690981,,2024-02-29T08:31:57Z
spotify:track:5VGlqQANWDKJFl0MBG3sg2,Use Somebody,spotify:artist:2qk9voo8llSGYcZ6xrBzKx,Kings of Leon,spotify:album:5CZR6ljD0x9fTiS4mh9wMp,Only By The Night,spotify:artist:2qk9voo8llSGYcZ6xrBzKx,Kings of Leon,2008-09-23,https://i.scdn.co/image/ab67616d0000b2732519d01c0cca06f134eeadd8,1,4,230760,https://p.scdn.co/mp3-preview/6b0e4d00b02ff767f436c2c43f9f8b2a12b35472?cid=9950ac751e34487dbbe027c4fd7f8e99,false,80,USRC10800301,,2024-02-29T08:31:35Z
spotify:track:1AdYZ6X00nXmO613Y7GJOl,I Miss You,spotify:artist:6FBDaR13swtiWwGhX1WQsP,blink-182,spotify:album:4hBTxv4QRPePXCFcEI7Vjp,blink-182,spotify:artist:6FBDaR13swtiWwGhX1WQsP,blink-182,2003-11-01,https://i.scdn.co/image/ab67616d0000b2730538b48c180256e0bdd8363f,1,3,227250,,false,68,USMC10346123,,2024-02-29T08:31:23Z
spotify:track:49kjlZP49LMD1MrrcvXDET,For the First Time,spotify:artist:3AQRLZ9PuTAozP28Skbq8V,The Script,spotify:album:5rtaHEtZdWQSrKJmuqPTB0,Science & Faith,spotify:artist:3AQRLZ9PuTAozP28Skbq8V,The Script,2010-09-13,https://i.scdn.co/image/ab67616d0000b273ecf57b6803b6f913217bf15c,1,2,252440,https://p.scdn.co/mp3-preview/a4d63c8536d79c81431869c7cd93c455508f219a?cid=9950ac751e34487dbbe027c4fd7f8e99,true,70,GBARL1000776,,2024-02-29T08:31:07Z
spotify:track:47hpaV5rKqY7IOHbNacb2D,The Bright Lights Of America,spotify:artist:30sqtiTKIb1oDve0SdYayT,Anti-Flag,spotify:album:4fFShP2nmHd9OOtYOwZmWq,The Bright Lights Of America,spotify:artist:30sqtiTKIb1oDve0SdYayT,Anti-Flag,2008,https://i.scdn.co/image/ab67616d0000b27395b1150d3734137f39966ad4,1,2,212000,https://p.scdn.co/mp3-preview/bea84b448cd0cdb077646eb8d916c98a29aeab85?cid=9950ac751e34487dbbe027c4fd7f8e99,true,14,USRC10800045,,2024-02-29T08:09:59Z
spotify:track:0zrrSp87NYsPOEAlNtA9Ge,分手吧,spotify:artist:6PNEi9i2MxUgRufqYr76Xt,張震嶽,spotify:album:1QzeKMGHBfMKye9WSKokwS,祕密基地,spotify:artist:6PNEi9i2MxUgRufqYr76Xt,張震嶽,1998-12-11,https://i.scdn.co/image/ab67616d0000b27368c82f09326ad31bb08132fd,1,3,309360,https://p.scdn.co/mp3-preview/204d3e6c9c8189a0b3c3dadc09a8c4af09fb7307?cid=9950ac751e34487dbbe027c4fd7f8e99,false,38,TWB879804803,,2024-02-29T08:04:22Z
spotify:track:0MMxQds9WTR9OSqrCCY7Mg,愛的初體驗,spotify:artist:6PNEi9i2MxUgRufqYr76Xt,張震嶽,spotify:album:4ob5Zcu47VBio0NHnuxpgf,這個下午很無聊,spotify:artist:6PNEi9i2MxUgRufqYr76Xt,張震嶽,1997-10-30,https://i.scdn.co/image/ab67616d0000b2734e5e70c8920c21821a7e7efc,1,3,242093,https://p.scdn.co/mp3-preview/670e75602f0c427b3994d1cbeaa4d5a7462a10ae?cid=9950ac751e34487dbbe027c4fd7f8e99,false,44,TWB879702703,,2024-02-29T08:04:12Z
spotify:track:0uK5YsPiuxHA804qMlaktr,我愛台妹,"spotify:artist:4maR8o69pil8CrclOiFVVW, spotify:artist:6PNEi9i2MxUgRufqYr76Xt","MC HotDog, 張震嶽",spotify:album:13w8GujoFBzqXuEj3Li424,滾石30 青春音樂記事簿 3站牌之戀,spotify:artist:0LyfQWJT6nXafLPZqxe9Of,群星,2010-11-23,https://i.scdn.co/image/ab67616d0000b273cca849e53ee56b312aa13b8d,1,3,239348,https://p.scdn.co/mp3-preview/ee08bcf46d0ef971851f020d1d2ea46b2dc42121?cid=9950ac751e34487dbbe027c4fd7f8e99,false,24,TWA450687305,,2024-02-29T07:59:02Z
spotify:track:4ejxfi3UJf6Czx4Wdkr3jh,Wrong Feels So Right,spotify:artist:6sFIWsNpZYqfjUpaCgueju,Carly Rae Jepsen,spotify:album:6SSSF9Y6MiPdQoxqBptrR2,Kiss,spotify:artist:6sFIWsNpZYqfjUpaCgueju,Carly Rae Jepsen,2012-01-01,https://i.scdn.co/image/ab67616d0000b273d3ee4bf67c2ac2154006ad72,1,14,257613,,false,24,USUM71208966,,2025-04-18T08:24:58Z
spotify:track:0RcYEWXtbu4ehdv1tiBOi0,Riders On The Storm - Fredwreck Remix,"spotify:artist:7hJcb9fa4alzcOq3EaNPoG, spotify:artist:22WZ7M8sxp5THdruNY3gXt","Snoop Dogg, The Doors",spotify:album:4Amv0hrD1UuVHSnexg1iqP,Riders On The Storm (Fredwreck Remix),spotify:artist:7hJcb9fa4alzcOq3EaNPoG,Snoop Dogg,2007-01-01,https://i.scdn.co/image/ab67616d0000b27347f58c2b7fe3bbd8d8671536,1,1,382240,,false,64,USMC10400926,,2025-01-07T09:11:45Z
spotify:track:5cU1O9P0EDA0rPkPDykhIm,怎麼了,spotify:artist:5fEQLwq1BWWQNR8GzhOIvi,周興哲,spotify:album:2lrmHLTedOpdP6TaZDZ77F,終於了解自由 (Deluxe),spotify:artist:5fEQLwq1BWWQNR8GzhOIvi,周興哲,2019-12-24,https://i.scdn.co/image/ab67616d0000b273bf1af203cbc50d0ae472fe2a,1,3,321040,https://p.scdn.co/mp3-preview/e3a18dec8ef6deab4d1e66d1799e26ad08fd67c2?cid=9950ac751e34487dbbe027c4fd7f8e99,false,62,TWA471901003,,2024-11-15T06:29:27Z
spotify:track:3A4FRzgve9BjfKbvVXRIFO,Sparkle - movie ver.,spotify:artist:1EowJ1WwkMzkCkRomFhui7,RADWIMPS,spotify:album:4qApTp9557qYZzRLEih4uP,Your Name.,spotify:artist:1EowJ1WwkMzkCkRomFhui7,RADWIMPS,2016-08-24,https://i.scdn.co/image/ab67616d0000b2733d1869d8c477d291a205a2d6,1,24,537653,https://p.scdn.co/mp3-preview/22791373ba67894ab0dda90271cdfabadbf2587f?cid=9950ac751e34487dbbe027c4fd7f8e99,false,65,JPPO01618974,,2024-11-13T06:19:25Z
spotify:track:2R3wzFFjNYc1z3PSoO8FNV,City Of Blinding Lights,spotify:artist:51Blml2LZPmy7TTiAg47vQ,U2,spotify:album:5PQPur1PEZFDkI0AXbxFlB,How To Dismantle An Atomic Bomb,spotify:artist:51Blml2LZPmy7TTiAg47vQ,U2,2004-01-01,https://i.scdn.co/image/ab67616d0000b273c1c82c472d758f4945ac15a8,1,5,345706,,false,59,GBAAN0400577,,2024-09-13T07:07:33Z
spotify:track:1gVVSmhWjci8l9Vrsl6HaS,Vertigo,spotify:artist:51Blml2LZPmy7TTiAg47vQ,U2,spotify:album:5PQPur1PEZFDkI0AXbxFlB,How To Dismantle An Atomic Bomb,spotify:artist:51Blml2LZPmy7TTiAg47vQ,U2,2004-01-01,https://i.scdn.co/image/ab67616d0000b273c1c82c472d758f4945ac15a8,1,1,193520,,false,63,GBAAN0400573,,2024-09-04T08:46:15Z
spotify:track:7CUPfpfuPwjicclWi4qKH4,Alone,spotify:artist:0p4nmQO2msCgU4IF37Wi3j,Avril Lavigne,spotify:album:6lqE05fiHWJVYYdMVJNj38,The Best Damn Thing (Expanded Edition),spotify:artist:0p4nmQO2msCgU4IF37Wi3j,Avril Lavigne,2007-04-17,https://i.scdn.co/image/ab67616d0000b273476cdf5837ae39eee951cc15,1,13,193720,https://p.scdn.co/mp3-preview/df5d780f222800e44eaa6c85d637338391219177?cid=9950ac751e34487dbbe027c4fd7f8e99,false,40,USRC10700134,,2024-05-23T11:32:03Z
spotify:track:1ERza8JzFin9c3Keo8XQEX,I Will Be,spotify:artist:0p4nmQO2msCgU4IF37Wi3j,Avril Lavigne,spotify:album:6lqE05fiHWJVYYdMVJNj38,The Best Damn Thing (Expanded Edition),spotify:artist:0p4nmQO2msCgU4IF37Wi3j,Avril Lavigne,2007-04-17,https://i.scdn.co/image/ab67616d0000b273476cdf5837ae39eee951cc15,1,14,239693,https://p.scdn.co/mp3-preview/3a199e3996a8bf63ae32080884ee07c9bcfef1a1?cid=9950ac751e34487dbbe027c4fd7f8e99,false,49,USRC10700189,,2024-05-23T11:32:03Z
spotify:track:7tBqAoOhF7rxWbIpT2yOn6,Another Day Of Sun,spotify:artist:6T70tWxqyIpdVbsFvPzqM3,La La Land Cast,spotify:album:4rzxxFcfVesKvwruLsPyw8,La La Land,spotify:artist:0LyfQWJT6nXafLPZqxe9Of,群星,2017-02-17,https://i.scdn.co/image/ab67616d0000b2734c8913cfd05b1504694845cc,1,1,228173,,false,42,USUG11600653,,2024-05-21T07:32:34Z
spotify:track:2VxeLyX666F8uXCJ0dZF8B,Shallow,"spotify:artist:1HY2Jd0NmPuamShAr6KMms, spotify:artist:4VIvfOurcf0vuLRxLkGnIG","Lady Gaga, Bradley Cooper",spotify:album:4sLtOBOzn4s3GDUv3c5oJD,A Star Is Born Soundtrack,"spotify:artist:1HY2Jd0NmPuamShAr6KMms, spotify:artist:4VIvfOurcf0vuLRxLkGnIG","Lady Gaga, Bradley Cooper",2018-10-05,https://i.scdn.co/image/ab67616d0000b273e2d156fdc691f57900134342,1,12,215733,,false,84,USUM71813192,,2024-05-21T07:24:23Z
spotify:track:7Cd17G3oNQ34OWUwS8ZxfR,Lemon,spotify:artist:1snhtMLeb2DYoMOcVbb8iB,米津玄師,spotify:album:4Ezkdjk13wY1bdXc5kDJHG,Lemon,spotify:artist:1snhtMLeb2DYoMOcVbb8iB,米津玄師,2018-03-14,https://i.scdn.co/image/ab67616d0000b2735f02011d74e86bf0a88d37a7,1,1,256105,https://p.scdn.co/mp3-preview/ea849beede8405ed754c9f7ae5d831aa84e3405d?cid=9950ac751e34487dbbe027c4fd7f8e99,false,59,JPU901800227,,2024-05-21T07:13:09Z
spotify:track:1oIdcFtf58sZbS7QyZQJ2P,Run Free,"spotify:artist:12rBrcOPP50qIan8ew4iTP, spotify:artist:2ol1cb6xyYpaxRTUsl1CYN","Deep Chills, IVIE",spotify:album:37QAucQUcm3aCvRLxjtwKj,Run Free,spotify:artist:12rBrcOPP50qIan8ew4iTP,Deep Chills,2017-08-18,https://i.scdn.co/image/4232005630d1d2330dfecf2af47c16f864de39db,1,1,170562,https://p.scdn.co/mp3-preview/94894f07c19cc304ae0c6c0ed1e7ebf88e9a5af1?cid=9950ac751e34487dbbe027c4fd7f8e99,false,60,NLYK91700007,,2024-03-18T07:06:33Z
spotify:track:5UzrHG9CEDqnTdo5pVh6Es,You Don't Know About Me (R3hab Remix),"spotify:artist:2zmrsXMHxagFz6vI2cD7r6, spotify:artist:6cEuCEZu7PAE9ZSzLLc2oQ","Ella Vos, R3HAB",spotify:album:3V1xSFoOgRdpy5obeXt3yv,You Don't Know About Me (R3hab Remix),"spotify:artist:2zmrsXMHxagFz6vI2cD7r6, spotify:artist:6cEuCEZu7PAE9ZSzLLc2oQ","Ella Vos, R3HAB",2017-06-09,https://i.scdn.co/image/ab67616d0000b27371234178a4a79846d58d5884,1,1,157312,https://p.scdn.co/mp3-preview/3bfe45ab54bf4363bbd77ee2a5df65fdfdd9c825?cid=9950ac751e34487dbbe027c4fd7f8e99,false,33,TCADC1758885,,2024-03-18T07:04:06Z
spotify:track:1Cq23W4ZxHTY8QbP40qjEc,All I Wanna Do,spotify:artist:4ehtJnVumNf6xzSCDk8aLB,Martin Jensen,spotify:album:49pOtXDkhfPJBwtlf5vrLm,All I Wanna Do,spotify:artist:4ehtJnVumNf6xzSCDk8aLB,Martin Jensen,2016-04-08,https://i.scdn.co/image/ab67616d0000b273dc9b9ea4dd81398e7660b5c9,1,1,194360,https://p.scdn.co/mp3-preview/81ec6dded8bfa85b84221807de55d5fa6f5600e7?cid=9950ac751e34487dbbe027c4fd7f8e99,false,48,DK4YA1604801,,2024-03-18T07:01:28Z
spotify:track:1sC70uRiQ00RxDWmbOyRPW,You (feat. Katelyn Tarver) - Evan Berg Remix Edit,"spotify:artist:3hyEbRtp617pNCuuQjyOmc, spotify:artist:6i8Tae6takoQos2JZ4vdRn, spotify:artist:3GkB5I37JR270fQHvVr1fv","Lost Kings, Katelyn Tarver, Evan Berg",spotify:album:66LUTKd7cGgzbQpE4rnUqq,You (feat. Katelyn Tarver) [The Remixes],spotify:artist:3hyEbRtp617pNCuuQjyOmc,Lost Kings,2016-04-25,https://i.scdn.co/image/ab67616d0000b27301cb3b1c2be05a5616cc333a,1,3,220166,https://p.scdn.co/mp3-preview/b2ceb9a13eae093b3561e0db443f4c6c24eca130?cid=9950ac751e34487dbbe027c4fd7f8e99,false,31,NLZ541600343,,2024-03-18T07:01:15Z
spotify:track:2iJHpuk7zAoQJjtwEdtlSk,Last Time Love,"spotify:artist:6qDAseNQcBQiKVv35eitem, spotify:artist:2bhKoNWwiNLxvkd1ynM8pV","Fancy Cars, Myah Marie",spotify:album:4HQHydiQmLpsqkmsQ6jdSv,Last Time Love,spotify:artist:6qDAseNQcBQiKVv35eitem,Fancy Cars,2017-11-10,https://i.scdn.co/image/ab67616d0000b273b2bab77ed7f4fc9c6828fb5b,1,1,198520,,false,26,DEUM71724510,,2024-03-18T06:57:29Z
spotify:track:2Fxmhks0bxGSBdJ92vM42m,bad guy,spotify:artist:6qqNVTkY8uBg9cP3Jd7DAH,Billie Eilish,spotify:album:0S0KGZnfBGSIssfF54WSJh,"WHEN WE ALL FALL ASLEEP, WHERE DO WE GO?",spotify:artist:6qqNVTkY8uBg9cP3Jd7DAH,Billie Eilish,2019-03-29,https://i.scdn.co/image/ab67616d0000b27350a3147b4edd7701a876c6ce,1,2,194087,,false,81,USUM71900764,,2024-03-18T06:52:46Z
spotify:track:6LCEyZZHFF4ebF1Mike1s5,Not Ready to Make Nice,spotify:artist:25IG9fa7cbdmCIy3OnuH57,The Chicks,spotify:album:2NeJdEWras0uSuzLPlJZk5,Taking The Long Way,spotify:artist:25IG9fa7cbdmCIy3OnuH57,The Chicks,2006-05-23,https://i.scdn.co/image/ab67616d0000b27389ccaf21947f7929189654dc,1,3,237296,https://p.scdn.co/mp3-preview/e5a5b12060c2e9a7797075f5df06c05f721ebd69?cid=9950ac751e34487dbbe027c4fd7f8e99,false,62,USSM10601030,,2024-03-18T06:50:47Z
spotify:track:6fzcnVO0X2cpYjsHk19GJo,Sometimes You Can't Make It On Your Own,spotify:artist:51Blml2LZPmy7TTiAg47vQ,U2,spotify:album:5PQPur1PEZFDkI0AXbxFlB,How To Dismantle An Atomic Bomb,spotify:artist:51Blml2LZPmy7TTiAg47vQ,U2,2004-01-01,https://i.scdn.co/image/ab67616d0000b273c1c82c472d758f4945ac15a8,1,3,305080,,false,57,GBAAN0400575,,2024-03-18T06:50:25Z
spotify:track:0gzqZ9d1jIKo9psEIthwXe,Beautiful Day,spotify:artist:51Blml2LZPmy7TTiAg47vQ,U2,spotify:album:7a5U0GPoAvT3gvEY66FRuN,All That You Can't Leave Behind,spotify:artist:51Blml2LZPmy7TTiAg47vQ,U2,2000-01-01,https://i.scdn.co/image/ab67616d0000b27338fa0dfe55b1ff2e8c962bae,1,1,248400,,false,73,GBAAN0000196,,2024-03-18T06:50:09Z
spotify:track:4mOxpj82q6n3EO7HBZCelX,Sunny Came Home,spotify:artist:0K7VN4aHxHcEb7PqkfoIVA,Shawn Colvin,spotify:album:3EZXmJz03Dj8sB3K26Gmx8,A Few Small Repairs,spotify:artist:0K7VN4aHxHcEb7PqkfoIVA,Shawn Colvin,1996-09-30,https://i.scdn.co/image/ab67616d0000b27353b24392ef405dac8c811daa,1,1,264200,https://p.scdn.co/mp3-preview/2b61611445aef0e42d6ee5791b2aa3bab8d5c10e?cid=9950ac751e34487dbbe027c4fd7f8e99,false,55,USSM19601709,,2024-03-18T06:46:24Z
spotify:track:2yBVeksU2EtrPJbTu4ZslK,What a Fool Believes,spotify:artist:39T6qqI0jDtSWWioX8eGJz,The Doobie Brothers,spotify:album:7je2uv9QBH65HhADDZitbB,Minute by Minute,spotify:artist:39T6qqI0jDtSWWioX8eGJz,The Doobie Brothers,1978,https://i.scdn.co/image/ab67616d0000b273ba6340ac3b1653b6ea0e5da5,1,2,223866,https://p.scdn.co/mp3-preview/64635139a882867c50a4da283c36822c5608abcc?cid=9950ac751e34487dbbe027c4fd7f8e99,false,75,USWB10902441,,2024-03-18T06:31:39Z
spotify:track:3dFR132gzO8jxD57R2gid3,You Light Up My Life,spotify:artist:1UkHCANZmdkKyVNvTLMrcJ,Debby Boone,spotify:album:0lKPC6pyYjRxi2vexd0Zua,You Light Up My Life,spotify:artist:1UkHCANZmdkKyVNvTLMrcJ,Debby Boone,1977-07-01,https://i.scdn.co/image/ab67616d0000b273f1261efb05286fadeaa0734b,1,1,216286,https://p.scdn.co/mp3-preview/7035ebe874c6ace8066938905e64cc9f650c8188?cid=9950ac751e34487dbbe027c4fd7f8e99,false,54,USCRB9900460,,2024-03-18T06:31:02Z
spotify:track:4BjVSvKAfQA4CncucM2Aa9,Moon River,spotify:artist:2EExdpjU4SK3xnJHO5paJf,Henry Mancini,spotify:album:70Qq0MrNWfFyQlVAxZh7LE,The Essential Henry Mancini,spotify:artist:2EExdpjU4SK3xnJHO5paJf,Henry Mancini,2010-08-24,https://i.scdn.co/image/ab67616d0000b273b3b43a1f8a23e780d84baa8d,2,1,160693,https://p.scdn.co/mp3-preview/a2edc1b4bde2b7fec7806bb9ac469e8fa625c6af?cid=9950ac751e34487dbbe027c4fd7f8e99,false,39,USRC16002638,,2024-03-18T06:30:30Z
spotify:track:5iBQeObS4FYCle6qoNUULJ,Forgettable,"spotify:artist:2RhRT6DNOVoDTfS0rG31pZ, spotify:artist:5YBSzuCs7WaFKNr7Bky0Uf","Project 46, Olivia",spotify:album:1LCzLWSOfrV0Elk38fBC9L,Beautiful,spotify:artist:2RhRT6DNOVoDTfS0rG31pZ,Project 46,2015-07-30,https://i.scdn.co/image/ab67616d0000b273733579fb2c032cfc410fd850,1,2,194677,https://p.scdn.co/mp3-preview/775cf0766be47a55bcd755518577e116ca05a28c?cid=9950ac751e34487dbbe027c4fd7f8e99,false,27,USUS11203423,,2024-03-18T06:23:50Z
spotify:track:4yugZvBYaoREkJKtbG08Qr,Take It Easy - 2013 Remaster,spotify:artist:0ECwFtbIWEVNwjlrfc6xoL,Eagles,spotify:album:51B7LbLWgYLKBVSpkan8Z7,Eagles (2013 Remaster),spotify:artist:0ECwFtbIWEVNwjlrfc6xoL,Eagles,1972-06-01,https://i.scdn.co/image/ab67616d0000b273c13acd642ba9f6f5f127aa1b,1,1,211577,https://p.scdn.co/mp3-preview/4b32d39b05829f2c442aa869354f0f63cefcef24?cid=9950ac751e34487dbbe027c4fd7f8e99,false,79,USEE11300314,,2024-03-18T06:19:39Z
spotify:track:1uDhHTNIBF5BJQWTjKnCoa,Celebration Song,spotify:artist:30h6MvMZfHQ8yzYCbfHMMT,Unwritten Law,spotify:album:1RfWXKUSOPbeggQ04lXABC,Here's To The Mourning,spotify:artist:30h6MvMZfHQ8yzYCbfHMMT,Unwritten Law,2005,https://i.scdn.co/image/ab67616d0000b273689eb02982caae61fd372083,1,3,220013,https://p.scdn.co/mp3-preview/d2ae4948a42bbc5fbb2520f25337e2ee6480ccec?cid=9950ac751e34487dbbe027c4fd7f8e99,false,51,USAT20402753,,2024-03-18T06:15:33Z
spotify:track:0OdZJLUjIwcp9zUM9cXLia,Sharp Edges - One More Light Live,spotify:artist:6XyY86QOPPrYVGvF9ch6wz,Linkin Park,spotify:album:0zcNtUZ2oEpRmiDuWBFvcX,One More Light Live,spotify:artist:6XyY86QOPPrYVGvF9ch6wz,Linkin Park,2017-12-15,https://i.scdn.co/image/ab67616d0000b273b829b621e43a1f5b72cc4388,1,13,287546,https://p.scdn.co/mp3-preview/6a5c131aea0ac8c173db901f6a49ffae03b28700?cid=9950ac751e34487dbbe027c4fd7f8e99,false,40,USWB11702185,,2024-03-18T06:12:14Z
spotify:track:0R4sRetToZ8ofAyaG9ZICa,Overload,spotify:artist:1ySGzzlD500ran4O5xa1LI,Fruela,spotify:album:0K5vy50cBuJ2LlCNS2eCun,Overload,spotify:artist:1ySGzzlD500ran4O5xa1LI,Fruela,2014-06-17,https://i.scdn.co/image/ab67616d0000b273db042cd8bd85744f26a9d3ed,1,1,204711,https://p.scdn.co/mp3-preview/e1aaca30767f538859d63e5b3985c24aba7ce1e7?cid=9950ac751e34487dbbe027c4fd7f8e99,false,1,ES5051400638,,2024-03-18T06:02:49Z
spotify:track:5SkMzzVTrORwomALNTRYH9,Ghost In Love,spotify:artist:2Uk1SfxshYKxVMmtGqFtzo,Mikey Wax,spotify:album:1IYlGbpss9JnNbEc78LVaZ,Constant Motion,spotify:artist:2Uk1SfxshYKxVMmtGqFtzo,Mikey Wax,2011-09-20,https://i.scdn.co/image/ab67616d0000b2734d61d737d1d500fa11c5d044,1,7,217333,https://p.scdn.co/mp3-preview/74cde1571a203a0f151938fd2fd89b1a66db7945?cid=9950ac751e34487dbbe027c4fd7f8e99,false,0,USQ3N1100007,,2024-03-18T05:59:36Z
spotify:track:0bFixbvrXCSkljSnRsluLE,Dancing in Flames,spotify:artist:7c0YaC1zF0Wdz93UeKfEFw,Chinook,spotify:album:6NxitfobmngbdDESiqekfv,Dancing in Flames,spotify:artist:7c0YaC1zF0Wdz93UeKfEFw,Chinook,2015-10-16,https://i.scdn.co/image/ab67616d0000b273763f4a9a03ca014e442bbc59,1,1,218007,https://p.scdn.co/mp3-preview/f3b375b078b3f9ef23cc65ec91717789e2648ad5?cid=9950ac751e34487dbbe027c4fd7f8e99,false,15,NOAJR1500057,,2024-03-18T05:56:57Z
spotify:track:4i7DMV5pNesYTarrNA11zW,Live to Praise You,spotify:artist:1aoy0R8uP3x33eqKZOLpN1,Lincoln Brewster,spotify:album:3YTaNV8mVGWga0h9Ni1wgi,Oxygen,spotify:artist:1aoy0R8uP3x33eqKZOLpN1,Lincoln Brewster,2014-08-17,https://i.scdn.co/image/ab67616d0000b273be3c0c3c0928e99684d93ea7,1,1,199434,https://p.scdn.co/mp3-preview/5bd85dcc89c578246b639ec43f144779f9dfe70a?cid=9950ac751e34487dbbe027c4fd7f8e99,false,0,US25L1400499,,2024-03-18T05:56:31Z
spotify:track:78w8tPmfZIMZ2853pe0I6d,Oxygen,spotify:artist:1aoy0R8uP3x33eqKZOLpN1,Lincoln Brewster,spotify:album:3YTaNV8mVGWga0h9Ni1wgi,Oxygen,spotify:artist:1aoy0R8uP3x33eqKZOLpN1,Lincoln Brewster,2014-08-17,https://i.scdn.co/image/ab67616d0000b273be3c0c3c0928e99684d93ea7,1,2,209810,https://p.scdn.co/mp3-preview/ad39228bfbba84418bd929d7ceff7cf6b69c6424?cid=9950ac751e34487dbbe027c4fd7f8e99,false,0,US25L1400500,,2024-03-18T05:56:19Z
spotify:track:6JWq4ZkQF2Zz9Jh0H2Mctx,Overflow,spotify:artist:7v35CkHBaT1SStgQHl95a0,Tenth Avenue North,spotify:album:4Hjjqd2cPyD9K8TbSC9O6C,Followers,spotify:artist:7v35CkHBaT1SStgQHl95a0,Tenth Avenue North,2016-10-14,https://i.scdn.co/image/ab67616d0000b27369fa55f10c5293bbb985c1af,1,3,220733,https://p.scdn.co/mp3-preview/4bd533e909e12d64e496c1b40a79fe745be9e1b7?cid=9950ac751e34487dbbe027c4fd7f8e99,false,23,USA5W1600153,,2024-03-18T05:53:34Z
spotify:track:5IzhurzWV5B2gLHE8azc2t,What Up Tho,spotify:artist:6rJIG42vcWAf1UBdRFlQxB,Cody Longo,spotify:album:6HwFGuVv7OsTKl0mBTCPuK,What Up Tho,spotify:artist:6rJIG42vcWAf1UBdRFlQxB,Cody Longo,2015-06-23,https://i.scdn.co/image/ab67616d0000b273f367d7ede04c3a38e681903a,1,1,190868,https://p.scdn.co/mp3-preview/b8bbf137273e30804f13c7e7b6a120c0f28517aa?cid=9950ac751e34487dbbe027c4fd7f8e99,false,1,QM4TX1546043,,2024-03-18T05:52:18Z
spotify:track:2OTAulJdNdYoFQG2oqXtSB,Yellow Lines,spotify:artist:2aIPQyKrN3oVev1kHudiai,Brendan James,spotify:album:27pcKvKFDSDLm9DK049S7V,The Howl,spotify:artist:2aIPQyKrN3oVev1kHudiai,Brendan James,2015-07-28,https://i.scdn.co/image/ab67616d0000b273a5b259be6fe45ddd1f9a0d79,1,4,212373,https://p.scdn.co/mp3-preview/0bfe7be361c08df1b082ff760fc61f871df8168d?cid=9950ac751e34487dbbe027c4fd7f8e99,false,47,usdy41533405,,2024-03-18T05:51:51Z
spotify:track:17IQkinsT2drxse1E23MKr,Drama Free,"spotify:artist:5Mzwod7pfk4JkLR29O3v7j, spotify:artist:1DQB6eOgTQ8NogvA5C3xYM","Maria Lynn, Steve Reece",spotify:album:2B8S4f7JFdjhEA8EaCJmJw,Drama Free,"spotify:artist:5Mzwod7pfk4JkLR29O3v7j, spotify:artist:1DQB6eOgTQ8NogvA5C3xYM","Maria Lynn, Steve Reece",2019-06-20,https://i.scdn.co/image/ab67616d0000b27340a0e717a09e1846fe4f65d3,1,1,185148,https://p.scdn.co/mp3-preview/abaaf8efd6e2ffd2f6e8e3d762a70257be37764e?cid=9950ac751e34487dbbe027c4fd7f8e99,false,16,FR59R1903923,,2024-03-18T05:49:01Z
spotify:track:7buD0AoTNw6zwWIvyWcbCO,Words,spotify:artist:4hj6ZZxaiKvG5GU3PYf7Gh,Hawk Nelson,spotify:album:0iudPcSAJG5wL68C8FdRrb,Made,spotify:artist:4hj6ZZxaiKvG5GU3PYf7Gh,Hawk Nelson,2013-04-02,https://i.scdn.co/image/ab67616d0000b27344fd4703a10ac537837ef070,1,3,204146,https://p.scdn.co/mp3-preview/1a3d0037b29f81453c7a4cd0acaf568673221ce7?cid=9950ac751e34487dbbe027c4fd7f8e99,false,42,USM2C1300301,,2024-03-18T05:46:37Z
spotify:track:2rUZldKQO1mo5pLKg1Fbsb,Bite My Tongue,spotify:artist:6xqpdCiMM646Q6nAD5n3vO,The Beach,spotify:album:4B5d735gqMi59qkPwku7l6,Bite My Tongue,spotify:artist:6xqpdCiMM646Q6nAD5n3vO,The Beach,2017-01-13,https://i.scdn.co/image/ab67616d0000b273afcbc8a3f6898f779bc1a7b3,1,1,224341,https://p.scdn.co/mp3-preview/d71bb5e83c3a99749408cba1246dd22d6a2ca2e8?cid=9950ac751e34487dbbe027c4fd7f8e99,false,30,GBARL1601533,,2024-03-18T05:44:11Z
spotify:track:48b3Bn1RqvXE6FcmmRO3Oj,Sail Away,spotify:artist:0jDZqzfN6X5qMQBkbKPWDW,Adam Cappa,spotify:album:6LfBuJdXsSdHJbPCY2me2B,The Rescue,spotify:artist:0jDZqzfN6X5qMQBkbKPWDW,Adam Cappa,2011-01-01,https://i.scdn.co/image/ab67616d0000b273efbf7320b20509c1f7fe76f0,1,5,224026,,false,6,USBR21100145,,2024-03-18T05:41:23Z
spotify:track:0ZJf2Kxxwf2IVTzLPKhvgT,Fall Deep - Stripped Down,spotify:artist:7Gha7K33GlSFMjZGxyIqUb,Darline,spotify:album:5yxhS69DBm3al0QSPWEnVv,Fall Deep (Stripped Down),spotify:artist:7Gha7K33GlSFMjZGxyIqUb,Darline,2017-02-10,https://i.scdn.co/image/ab67616d0000b27307242998f7d78b52668e5b3d,1,1,244240,https://p.scdn.co/mp3-preview/1926acc76dd05bcb545a58734073ada142c869fa?cid=9950ac751e34487dbbe027c4fd7f8e99,false,2,GBAHS1600459,,2024-03-18T05:38:12Z
spotify:track:4Ufsso4gF1psUAPosB4KBQ,So Bad,spotify:artist:2QiOMJB2UydKMR6I966ETj,Alexander Jean,spotify:album:7t3WoGVAawbAanaVCdfbPF,Head High,spotify:artist:2QiOMJB2UydKMR6I966ETj,Alexander Jean,2016-06-03,https://i.scdn.co/image/ab67616d0000b27396a4e7e7ea3d3d405afa0368,1,3,241940,https://p.scdn.co/mp3-preview/80c26323104be96ff066991885d352b574d57708?cid=9950ac751e34487dbbe027c4fd7f8e99,false,13,USA2P1649606,,2024-03-15T06:00:49Z
spotify:track:7tUbu9coKbfLzUy5bQfx7I,Found in You,spotify:artist:6N6Sk9XOoHsadAGYR44C2o,Vertical Worship,spotify:album:0DW4DEU7uY3yxFxUfhyiqk,The Rock Won't Move,spotify:artist:6N6Sk9XOoHsadAGYR44C2o,Vertical Worship,2013-10-25,https://i.scdn.co/image/ab67616d0000b273e2c7fa5aff607afea58f993a,1,1,263426,https://p.scdn.co/mp3-preview/260fd0a5746659ded5394b68d614d7e8bf1042a1?cid=9950ac751e34487dbbe027c4fd7f8e99,false,27,USA5W1300189,,2024-03-15T05:59:18Z
spotify:track:5hvzIVPdrQaFYEEhFXcbDW,All My Mistakes,spotify:artist:5n9E5vGRtLsPzqk39eA29T,Keywest,spotify:album:1UF6u2CIuj1a13pxTLB2uA,Joyland,spotify:artist:5n9E5vGRtLsPzqk39eA29T,Keywest,2015-09-25,https://i.scdn.co/image/ab67616d0000b273874a09c5c0e58790f5671d4f,1,1,203169,https://p.scdn.co/mp3-preview/4f000737dbc62bca9c13af5c99980860ea46ed70?cid=9950ac751e34487dbbe027c4fd7f8e99,false,31,IELEU1500001,,2024-03-15T05:58:49Z
spotify:track:0pKcq6guxdsiICZGZ20YCu,Can't Get Over You,spotify:artist:3s3ObHATXKGsoQvdcmRbCf,KINGDM,spotify:album:0ur5QEcyyk9E45xKLsFlcH,Can't Get Over You,spotify:artist:3s3ObHATXKGsoQvdcmRbCf,KINGDM,2016-04-01,https://i.scdn.co/image/ab67616d0000b27352da1caeee3a53c255eeacb0,1,1,196046,https://p.scdn.co/mp3-preview/dadd3c2cb609cef6c2b8eaa2719f48fca696c3a7?cid=9950ac751e34487dbbe027c4fd7f8e99,false,35,TCACM1695987,,2024-03-15T05:58:16Z
spotify:track:2kspJosYNdSXys5ikhriU4,Distant Horizon,spotify:artist:4ptVPHTbzYXgh81q4CEvmN,Incolide,spotify:album:6G1qSJv3seHjooCGNTrt9j,Shallow,spotify:artist:4ptVPHTbzYXgh81q4CEvmN,Incolide,2020-05-01,https://i.scdn.co/image/ab67616d0000b2732575738cc49357684ea81db2,1,2,208615,https://p.scdn.co/mp3-preview/cb7f26c7ae0703b90ae0056818eb6a7a7ae7c7ec?cid=9950ac751e34487dbbe027c4fd7f8e99,false,0,QZES62088591,,2024-03-15T05:57:46Z
spotify:track:3ta8klMHWPnWuHt7jDMSn5,Party Rock Anthem,"spotify:artist:3sgFRtyBnxXD5ESfmbK4dl, spotify:artist:2jLE4BoXHriQ96JagEtiDP, spotify:artist:53sIBaVjXQhfH89Vu6nEGh","LMFAO, Lauren Bennett, GoonRock",spotify:album:3BRZHiNQiv0t7x6kVuzFwq,House Party Jams,spotify:artist:0LyfQWJT6nXafLPZqxe9Of,群星,2019-03-22,https://i.scdn.co/image/ab67616d0000b273666f661ce0e79a051a1fc31d,1,15,264146,,false,44,USUM71100061,,2024-03-15T05:56:41Z
spotify:track:53e82ad7vcD7fQj6nWdCnM,Boom Boom Pow,spotify:artist:1yxSLGMDHlW21z4YXirZDS,Black Eyed Peas,spotify:album:0pQiRIPFblFwEummRX28Qa,THE E.N.D. (THE ENERGY NEVER DIES) [International Version],spotify:artist:1yxSLGMDHlW21z4YXirZDS,Black Eyed Peas,2009-01-01,https://i.scdn.co/image/ab67616d0000b2735eb4fdcdce583bf9b92334ce,1,1,251440,,true,42,USUM70955624,,2024-03-15T05:55:21Z
spotify:track:1u8c2t2Cy7UBoG4ArRcF5g,Blank Space,spotify:artist:06HL4z0CvFAxyc27GXpf02,Taylor Swift,spotify:album:1yGbNOtRIgdIiGHOEBaZWf,1989 (Deluxe),spotify:artist:06HL4z0CvFAxyc27GXpf02,Taylor Swift,2014-01-01,https://i.scdn.co/image/ab67616d0000b27352b2a3824413eefe9e33817a,1,2,231826,,false,83,USCJY1431309,,2024-03-15T05:53:21Z
spotify:track:3tCwjWLicbjsMCvXhN0WOE,Rude,spotify:artist:0DxeaLnv6SyYk2DOqkLO8c,MAGIC!,spotify:album:2Qm9AzJHWLG9vbJCeXRaAW,Rude,spotify:artist:0DxeaLnv6SyYk2DOqkLO8c,MAGIC!,2013-10-11,https://i.scdn.co/image/ab67616d0000b2730ee3a8b1f9762f0a1e69385d,1,1,224773,https://p.scdn.co/mp3-preview/e97393738862719f5426688bdac00330985f8c4f?cid=9950ac751e34487dbbe027c4fd7f8e99,false,63,CAV161300016,,2024-03-15T05:52:56Z
spotify:track:0kST1BXkSUTaNauJrXimM6,Dynamite,spotify:artist:6MF9fzBmfXghAz953czmBC,Taio Cruz,spotify:album:5cwRGLMYSP0n5ypCCJn2Wy,Dynamite,spotify:artist:6MF9fzBmfXghAz953czmBC,Taio Cruz,2010-01-01,https://i.scdn.co/image/ab67616d0000b273fe7ab88f26bc150aad150073,1,1,203964,,false,36,GBUM71003721,,2024-03-15T05:52:27Z
spotify:track:7oGZAicScQt96OAW4AruYy,Want to Want Me,spotify:artist:07YZf4WDAMNwqr4jfgOZ8y,Jason Derulo,spotify:album:59eUYETmE1zi31ESb3SUkI,Everything Is 4,spotify:artist:07YZf4WDAMNwqr4jfgOZ8y,Jason Derulo,2015-05-29,https://i.scdn.co/image/ab67616d0000b273519241bcfc352fc3eaaac5db,1,1,207719,https://p.scdn.co/mp3-preview/41c4fc0c9ed13ba61f99841cfee3182d32976686?cid=9950ac751e34487dbbe027c4fd7f8e99,false,77,USWB11503046,,2024-03-15T05:50:25Z
spotify:track:7w87IxuO7BDcJ3YUqCyMTT,Pumped Up Kicks,spotify:artist:7gP3bB2nilZXLfPHJhMdvc,Foster The People,spotify:album:7Kmmw7Z5D2UD5MVwdm10sT,Torches,spotify:artist:7gP3bB2nilZXLfPHJhMdvc,Foster The People,2011-05-23,https://i.scdn.co/image/ab67616d0000b273121d5f92cf90576907dfb1e5,1,2,239600,https://p.scdn.co/mp3-preview/2213bf4173a9b50a807a30121ed6b559a7778209?cid=9950ac751e34487dbbe027c4fd7f8e99,false,84,USSM11002931,,2024-03-15T05:49:00Z
spotify:track:3UhXPxLDFKCj1ZO6mmtV0a,Apologize,spotify:artist:5Pwc4xIPtQLFEnJriah9YJ,OneRepublic,spotify:album:5KIGFE6IFlVQPA4Vsl15nV,Dreaming Out Loud,spotify:artist:5Pwc4xIPtQLFEnJriah9YJ,OneRepublic,2007-11-20,https://i.scdn.co/image/ab67616d0000b2738d2a873567851166946387a0,1,4,208106,,false,74,USUM70757102,,2024-03-15T05:48:44Z
spotify:track:6cmm1LMvZdB5zsCwX5BjqE,Down,"spotify:artist:4pADjHPWyrlAF0FA7joK2H, spotify:artist:55Aa2cqylxrFIXC767Z865","Jay Sean, Lil Wayne",spotify:album:2H66HrVR1UeMlAoSXpxUnk,All Or Nothing,spotify:artist:4pADjHPWyrlAF0FA7joK2H,Jay Sean,2009-01-01,https://i.scdn.co/image/ab67616d0000b273e207a14471e5356294146e9d,1,1,212506,,false,79,USCM50900094,,2024-03-15T05:48:13Z
spotify:track:1NpW5kyvO4XrNJ3rnfcNy3,Wild Ones (feat. Sia),"spotify:artist:0jnsk9HBra6NMjO2oANoPY, spotify:artist:5WUlDfRSoLAfcVSX1WnrxN","Flo Rida, Sia",spotify:album:7eLwoxxWs6lfkVYJGkGNbk,Wild Ones,spotify:artist:0jnsk9HBra6NMjO2oANoPY,Flo Rida,2012-06-22,https://i.scdn.co/image/ab67616d0000b273871d85943145dde548f4ae09,1,2,232946,https://p.scdn.co/mp3-preview/d508be7a9bbcfafb67a58ff3b7f6954881d0c6b5?cid=9950ac751e34487dbbe027c4fd7f8e99,false,80,USAT21104103,,2024-03-15T05:47:45Z
spotify:track:1ExfPZEiahqhLyajhybFeS,The Lazy Song,spotify:artist:0du5cEVh5yTK9QJze8zA0C,Bruno Mars,spotify:album:1uyf3l2d4XYwiEqAb7t7fX,Doo-Wops & Hooligans,spotify:artist:0du5cEVh5yTK9QJze8zA0C,Bruno Mars,2010-05-11,https://i.scdn.co/image/ab67616d0000b273f6b55ca93bd33211227b502b,1,5,189109,https://p.scdn.co/mp3-preview/8a6cd6679fc2a388b989a09b571194723d45cb71?cid=9950ac751e34487dbbe027c4fd7f8e99,false,74,USAT21001886,,2024-03-15T05:47:26Z
spotify:track:1D4PL9B8gOg78jiHg3FvBb,Love Story,spotify:artist:06HL4z0CvFAxyc27GXpf02,Taylor Swift,spotify:album:3EzFY9Rg0PpbADMth746zi,Fearless (Big Machine Radio Release Special),spotify:artist:06HL4z0CvFAxyc27GXpf02,Taylor Swift,2008-11-11,https://i.scdn.co/image/ab67616d0000b27360cb9332e8c8c7d8e50854b3,1,6,236266,,false,76,USCJY0803275,,2024-03-15T05:47:06Z
spotify:track:2gtBcLNjFMi8l5xSz66Fsb,Cold Green Eyes - Original Mix,"spotify:artist:1G9FmqZJybVEOXqMOR5usy, spotify:artist:0tsKdteyh5ArMn3pAUiSff","Station Earth, Roos Denayer",spotify:album:4UD0rIYLnIeixT6m51hrTe,Cold Green Eyes,"spotify:artist:1G9FmqZJybVEOXqMOR5usy, spotify:artist:0tsKdteyh5ArMn3pAUiSff","Station Earth, Roos Denayer",2015-03-01,https://i.scdn.co/image/ab67616d0000b273728fc6916cc9b13939d9fc2d,1,1,247020,https://p.scdn.co/mp3-preview/3dd37c990b4349f5980a6612a55d142daca8510c?cid=9950ac751e34487dbbe027c4fd7f8e99,false,39,NLCK41401020,,2024-03-15T05:45:56Z
spotify:track:0Yt32qygpvJO92RL7coWqM,Monody - Radio Edit,"spotify:artist:3OKg7YbOIatODzkRIbLJR4, spotify:artist:7ddnIV2r4SLjuwyGlgLIWt","TheFatRat, Laura Brehm",spotify:album:2N7QokkUQeohmCEX5EVkeZ,Monody (Radio Edit),spotify:artist:3OKg7YbOIatODzkRIbLJR4,TheFatRat,2016-11-25,https://i.scdn.co/image/ab67616d0000b273a6dbfd2e2b55f0a755ba83de,1,1,252213,,false,44,SEUM71601780,,2024-03-15T05:43:40Z
spotify:track:7gBj0VgcuAgkXkiRRYvSmK,Stay (feat. Maty Noyes),"spotify:artist:23fqKkggKUBHNkbKtXEls4, spotify:artist:5JSXWmQO8csVUy6hSRu8TA","Kygo, Maty Noyes",spotify:album:7CUcBQ9e6MDpsdBzz7wJaT,Stay (feat. Maty Noyes),spotify:artist:23fqKkggKUBHNkbKtXEls4,Kygo,2015-12-04,https://i.scdn.co/image/ab67616d0000b273e34a6605d955c881f67141f3,1,1,239465,https://p.scdn.co/mp3-preview/621c99e1d004bbcf06f250e6183422c708eef301?cid=9950ac751e34487dbbe027c4fd7f8e99,false,54,SEBGA1500364,,2024-03-15T05:38:54Z
spotify:track:3wOKvS2aaiIj86KnAzMbV0,In My Head,spotify:artist:4pejUc4iciQfgdX6OKulQn,Queens of the Stone Age,spotify:album:03srSIJshSQQOh2vJ3uVZi,Lullabies To Paralyze,spotify:artist:4pejUc4iciQfgdX6OKulQn,Queens of the Stone Age,2005-01-01,https://i.scdn.co/image/ab67616d0000b27390cd89ddbbd2034ee1f20b5c,1,6,241200,,false,55,USIR10500106,,2024-03-15T05:38:08Z
spotify:track:0DzPnTBSmVRKBQAmH3EomR,Million Days,"spotify:artist:4OaSyxqlkp7aVpAZwF02QZ, spotify:artist:2KjxvxgJvbwweNVRMSuIRG, spotify:artist:0OE65qjIKHqSyU7YWpOQrv","SABAI, Hoang, Olivia Ridgely",spotify:album:3U7VyDFPH3h4v6kzQLx3ui,Million Days,"spotify:artist:4OaSyxqlkp7aVpAZwF02QZ, spotify:artist:2KjxvxgJvbwweNVRMSuIRG","SABAI, Hoang",2020-02-11,https://i.scdn.co/image/ab67616d0000b273519839ca24ebd7d6f901858e,1,1,208551,https://p.scdn.co/mp3-preview/c5707f791fd25aeb3e0661bf04be32e12935df0f?cid=9950ac751e34487dbbe027c4fd7f8e99,false,60,CA6D22000016,,2024-03-15T05:37:52Z
spotify:track:6WEBwvsmpaoGxka0tSh5a7,Won't Go Home Without You,spotify:artist:04gDigrS5kc9YWfZHwBETP,Maroon 5,spotify:album:2RUHJZ3raiIDsR3yX4JXf5,It Won't Be Soon Before Long (International Version),spotify:artist:04gDigrS5kc9YWfZHwBETP,Maroon 5,2007-01-01,https://i.scdn.co/image/ab67616d0000b273515b72d7c72fc65b017a87ea,1,5,231173,,false,75,USUM70731562,,2024-03-15T05:37:36Z
spotify:track:0LpZMfwjD7hNOSQOTlsyxP,Embrace,spotify:artist:5ZVHXQZAIn9WJXvy6qn9K0,Sappheiros,spotify:album:73cEloP8GjYWwqQ6W2p8d5,Embrace,spotify:artist:5ZVHXQZAIn9WJXvy6qn9K0,Sappheiros,2017-12-19,https://i.scdn.co/image/ab67616d0000b2730e4b37ae98c026c0af544c1f,1,1,276859,https://p.scdn.co/mp3-preview/188d956d2f50ecebb502c39d6ce050ebf578f624?cid=9950ac751e34487dbbe027c4fd7f8e99,false,32,GB-SMU-45-52992,,2024-03-15T05:36:20Z
spotify:track:05Kms0excTlHRel656GZ3U,Monsters,spotify:artist:31bkgXHo67awewnmvrdsah,Katie Sky,spotify:album:3s2IsYkvz1qAGFhvfsi1Kr,Monsters,spotify:artist:31bkgXHo67awewnmvrdsah,Katie Sky,2014-05-11,https://i.scdn.co/image/ab67616d0000b273886700d7789fc42dce933882,1,1,217840,https://p.scdn.co/mp3-preview/5fde345556f45a9b2746b75da038c6a306fe28ed?cid=9950ac751e34487dbbe027c4fd7f8e99,false,59,GB8MX1400041,,2024-03-15T05:36:02Z
spotify:track:5G674ePHPwtbRbo4E5noZl,Send It - feat. Rich Homie Quan,"spotify:artist:04abdnqPQe2N4fjztDea6z, spotify:artist:5lHRUCqkQZCIWeX7xG4sYT","Austin Mahone, Rich Homie Quan",spotify:album:0mQUo8qTCCxTWXcC0Eqo2L,Send It (feat. Rich Homie Quan),spotify:artist:04abdnqPQe2N4fjztDea6z,Austin Mahone,2016-08-18,https://i.scdn.co/image/ab67616d0000b273e8170a546453c343f5dcf150,1,1,181003,https://p.scdn.co/mp3-preview/b775d1667e041de283c1e92c81641cee6f3bb1bb?cid=9950ac751e34487dbbe027c4fd7f8e99,false,54,QMRSZ1600619,,2024-03-15T05:35:19Z
spotify:track:6D8WgDaIuyirn6egGauzVK,Love Me Back,"spotify:artist:3RP50pmG8Wz1mhNCidQj68, spotify:artist:2QSPrJfYeRXaltEEiriXN9","RITUAL, Tove Styrke",spotify:album:26tNi6v3WgUXYEvmYq5u2M,Love Me Back,"spotify:artist:3RP50pmG8Wz1mhNCidQj68, spotify:artist:2QSPrJfYeRXaltEEiriXN9","RITUAL, Tove Styrke",2019-01-23,https://i.scdn.co/image/ab67616d0000b27334e48566e94ba94c639d1b9f,1,1,178233,,false,37,GBUM71808051,,2024-03-15T05:33:31Z
spotify:track:0bg3jDf9FPTSGi8FOce7oY,Where We Belong,spotify:artist:2cCoJDNez7SlrY5HuFHTWD,Kozoro,spotify:album:4J91II5pOqs4jpIQaQhlxW,Where We Belong,spotify:artist:2cCoJDNez7SlrY5HuFHTWD,Kozoro,2019-04-19,https://i.scdn.co/image/ab67616d0000b2730a22654208f606bea1e74295,1,1,181463,https://p.scdn.co/mp3-preview/92c6227c85418d4fc366f5c5560d2c55cfd43ad6?cid=9950ac751e34487dbbe027c4fd7f8e99,false,9,QM42K1998733,,2024-03-14T07:24:43Z
spotify:track:3uIjmIMabCCelaNSK3rbCt,Constellations,spotify:artist:65NrBzD3Jnf1iqbDjuUYjD,Jacoo,spotify:album:0aBrxKKNYOM5FvtCGoy5Hy,Release Your Mind,spotify:artist:65NrBzD3Jnf1iqbDjuUYjD,Jacoo,2018-10-18,https://i.scdn.co/image/ab67616d0000b2732870e5ec784571c96bdee5b5,1,11,186195,https://p.scdn.co/mp3-preview/d8630ae9c3c5365c1cecebf21acdcdcf05d4ded2?cid=9950ac751e34487dbbe027c4fd7f8e99,false,11,ushm91880882,,2024-03-14T07:20:53Z
spotify:track:4fF4M4RTXEHpTPMa7c42RX,Bloom,"spotify:artist:3aRscMJRah0QrvGE5rkvZl, spotify:artist:2kxs2iIIQTBvlIQs6tm42g","Tony Anderson, Bonnie Brooksbank",spotify:album:4dbmrQLiU0bRQQo3y7FZAt,Bloom,"spotify:artist:3aRscMJRah0QrvGE5rkvZl, spotify:artist:2kxs2iIIQTBvlIQs6tm42g","Tony Anderson, Bonnie Brooksbank",2019-04-02,https://i.scdn.co/image/ab67616d0000b27346212e4da2e3328bae2a83b6,1,1,225000,https://p.scdn.co/mp3-preview/6694cfcf8f4d738e0dd46a7c21341c9e2216af76?cid=9950ac751e34487dbbe027c4fd7f8e99,false,36,GBKPL1944619,,2024-03-14T07:20:15Z
spotify:track:1w7eNekZsyrLw99oygfDs4,Sway,spotify:artist:2QSPrJfYeRXaltEEiriXN9,Tove Styrke,spotify:album:3fSRbKgYW6kcR1ZFMaaNV4,Sway,spotify:artist:2QSPrJfYeRXaltEEiriXN9,Tove Styrke,2018-05-04,https://i.scdn.co/image/ab67616d0000b2730d0837e34a3fcc57de9fc93d,1,1,210773,https://p.scdn.co/mp3-preview/cc1c39750d5c31e9b4937160a2af458528dec20f?cid=9950ac751e34487dbbe027c4fd7f8e99,false,44,SEBGA1800766,,2024-03-14T07:13:25Z
spotify:track:35g7hIs8Jf8tvXPRMSkNPC,All I Could Do Was Cry,spotify:artist:6vWDO969PvNqNYHIOW5v0m,Beyoncé,spotify:album:4b2zuwf7CPesdiTg1kFDjU,Music From The Motion Picture Cadillac Records,spotify:artist:0LyfQWJT6nXafLPZqxe9Of,群星,2008-11-28,https://i.scdn.co/image/ab67616d0000b2734e8e488284a2cf00a613c0a1,2,7,190400,https://p.scdn.co/mp3-preview/3fbf286b0087deb07f74ac44040a141425e3ded4?cid=9950ac751e34487dbbe027c4fd7f8e99,false,45,USSM10804930,,2024-03-14T07:13:10Z
spotify:track:5FZVsUdMgLkalicARDTU8w,Reflections,spotify:artist:7KfKAcB8xFxmlML8j1v2Sb,Artem Yegorov,spotify:album:3hFwbyFPhClQjqpp6ZWAvA,Right Step,spotify:artist:7KfKAcB8xFxmlML8j1v2Sb,Artem Yegorov,2016-06-15,https://i.scdn.co/image/ab67616d0000b273813d6f5d0dd58016e207e0a0,1,8,343124,https://p.scdn.co/mp3-preview/0195755100f8fab38551640e0c78bcd60f746780?cid=9950ac751e34487dbbe027c4fd7f8e99,false,3,usdy41644160,,2024-03-14T06:40:45Z
spotify:track:4eHpP4BAoKMvwt2s1MKRVI,只對你有感覺,spotify:artist:7Dx7RhX0mFuXhCOUgB01uM,林俊傑,spotify:album:2jzTdhgI2kvDx6NerFsRe8,她說,spotify:artist:7Dx7RhX0mFuXhCOUgB01uM,林俊傑,2010-12-08,https://i.scdn.co/image/ab67616d0000b2731e7c1f167d1a6fdd2d8cab10,1,3,264895,https://p.scdn.co/mp3-preview/cd93e8d7f0137ac7eab6d52ac89beb7760239e97?cid=9950ac751e34487dbbe027c4fd7f8e99,false,35,TWB671005203,,2024-03-14T06:40:20Z
spotify:track:7DnAm9FOTWE3cUvso43HhI,Sweet but Psycho,spotify:artist:4npEfmQ6YuiwW1GpUmaq3F,Ava Max,spotify:album:26c7MmQ4w8EAvVLb4jilaM,Heaven & Hell,spotify:artist:4npEfmQ6YuiwW1GpUmaq3F,Ava Max,2020-09-18,https://i.scdn.co/image/ab67616d0000b2739a95e89d24214b94de36ccf7,1,16,187436,https://p.scdn.co/mp3-preview/fab7f8e87979878248e78a3cdb7e28222d45dcec?cid=9950ac751e34487dbbe027c4fd7f8e99,false,80,USAT21802011,,2024-03-14T06:39:18Z
spotify:track:0oUgp7TKm9ZlL538ATsY7g,Lot To Learn(钢琴版),spotify:artist:3IIEa3he9HR1WW3VwokETE,LucySPA,spotify:album:0BosVzfOTcjSflImIohRgX,流行治愈纯音乐,spotify:artist:3IIEa3he9HR1WW3VwokETE,LucySPA,2023-08-18,https://i.scdn.co/image/ab67616d0000b2735a53e807ca57a448dc48aa3b,1,1,107995,,false,0,QZRP52311166,,2024-03-14T06:38:22Z
spotify:track:1pwhTHRK6ITrm2Q20qX0Af,Another You,"spotify:artist:5hlGugY24gHs0FqG05AgN0, spotify:artist:5fGNlKvMJEupY7RmHOPLuS","Thimlife, Bibiane Z",spotify:album:2RrjeUJ0zTaKDDcZuOxISU,Another You,spotify:artist:5hlGugY24gHs0FqG05AgN0,Thimlife,2018-11-10,https://i.scdn.co/image/ab67616d0000b27353fddb412b0484481be48017,1,1,175131,https://p.scdn.co/mp3-preview/3b26d85b928810d16c1070fab0a822ce3652f5cf?cid=9950ac751e34487dbbe027c4fd7f8e99,false,27,TCADX1823931,,2024-03-14T06:37:10Z
spotify:track:4eHbdreAnSOrDDsFfc4Fpm,I Will Always Love You,spotify:artist:6XpaIBNiVzIetEPCWDvAFP,Whitney Houston,spotify:album:7JVJlkNNobS0GSoy4tCS96,The Bodyguard - Original Soundtrack Album,spotify:artist:6XpaIBNiVzIetEPCWDvAFP,Whitney Houston,1992-11-17,https://i.scdn.co/image/ab67616d0000b273456c0b5d0316a80dc600802e,1,1,271093,https://p.scdn.co/mp3-preview/5896e539e24ae2394d2bec6ea2cf42e4608b68f5?cid=9950ac751e34487dbbe027c4fd7f8e99,false,78,USAR19200110,,2024-03-14T06:29:57Z
spotify:track:33bD5jxbWerSiP9dUNSPTL,How Deep Is Your Love,spotify:artist:1LZEQNv7sE11VDY3SdxQeN,Bee Gees,spotify:album:6kFmH2VMMFaUrK4QhY4hLi,Saturday Night Fever (The Original Movie Soundtrack),spotify:artist:0LyfQWJT6nXafLPZqxe9Of,群星,1977-12-12,https://i.scdn.co/image/ab67616d0000b273605128d275ca60ccc9cd3b6d,1,2,243933,,false,35,NLF057790012,,2024-03-14T06:29:24Z
spotify:track:5We7B2KhPXNXhfpFj3kdgT,9 to 5,spotify:artist:32vWCbZh0xZ4o9gkz4PsEU,Dolly Parton,spotify:album:5vk9yx7rs2uXJH9NTDZdSK,The Very Best Of Dolly Parton,spotify:artist:32vWCbZh0xZ4o9gkz4PsEU,Dolly Parton,2007-03-07,https://i.scdn.co/image/ab67616d0000b273bf551baff56613093b78a4bd,1,1,180293,https://p.scdn.co/mp3-preview/cb69c9c7b2236c7df8fcad967b5bf1ec038068d1?cid=9950ac751e34487dbbe027c4fd7f8e99,false,33,USRN10400045,,2024-03-14T06:27:46Z
spotify:track:15MJ5NThPjj6xhPcts8MiY,"Take My Breath Away - Love Theme from ""Top Gun""",spotify:artist:2aS6jYh7ysTL1ZUsHneNgM,Berlin,spotify:album:6K8iDZW8jPaoiqSzFFebJA,Top Gun - Motion Picture Soundtrack (Special Expanded Edition),spotify:artist:0LyfQWJT6nXafLPZqxe9Of,群星,1999-01-01,https://i.scdn.co/image/ab67616d0000b273fa183fdd680f1d249ba2f893,1,5,255733,https://p.scdn.co/mp3-preview/78d34bdf4463c73eaf49fd2255a45c8b9eaa7444?cid=9950ac751e34487dbbe027c4fd7f8e99,false,73,USSM19801613,,2024-03-14T06:22:17Z
spotify:track:1ip2IGDWMrUmlaepEbWlL8,"Love Me Like You Do - From ""Fifty Shades Of Grey""",spotify:artist:0X2BH1fck6amBIoJhDVmmJ,Ellie Goulding,spotify:album:38WMYJ0LhCKAiRflk43Xt9,Fifty Shades Of Grey (Original Motion Picture Soundtrack),spotify:artist:0LyfQWJT6nXafLPZqxe9Of,群星,2015-02-10,https://i.scdn.co/image/ab67616d0000b2735e02f2f639b9008f4d1935d3,1,5,250266,,false,59,GBUM71406823,,2024-03-14T06:21:24Z
spotify:track:225xvV8r1yKMHErSWivnow,"I Don't Want to Miss a Thing - From ""Armageddon"" Soundtrack",spotify:artist:7Ey4PD4MYsKc5I2dolUwbH,Aerosmith,spotify:album:4f7HKjBnjpMsDBDTHYV890,Armageddon - The Album,spotify:artist:0LyfQWJT6nXafLPZqxe9Of,群星,1998-06-23,https://i.scdn.co/image/ab67616d0000b273da8d92affd796f7e20af7375,1,1,298760,https://p.scdn.co/mp3-preview/f02930ba19b2760c7df9abfbd7aca5ba1ea99be9?cid=9950ac751e34487dbbe027c4fd7f8e99,false,74,USSM19801545,,2024-03-14T06:20:57Z
spotify:track:1Q06EZxh8rgYabyGIwiSSx,The Blue Danube (Excerpt),spotify:artist:57G6BBjuozcS3Y5X4WHLQZ,Excerpt,spotify:album:5iZs3oz9Lm70QCdpyGojF7,2001: A Space Odyssey,spotify:artist:0LyfQWJT6nXafLPZqxe9Of,群星,1968-01-01,https://i.scdn.co/image/ab67616d0000b2734df64bc3046e653a50cbd36a,1,4,343800,https://p.scdn.co/mp3-preview/151733dd81ff5d169ecba51d1b81e1d9747918fe?cid=9950ac751e34487dbbe027c4fd7f8e99,false,14,GBACC1826304,,2024-03-14T06:19:59Z
spotify:track:0fP8vb5JnHUJxPFXe3zw9D,As the World Goes Away,spotify:artist:3ff1CmU6qfTqRAmdrq8EEG,Lights & Motion,spotify:album:0VIxw6zt84N7sWxGzgXEOU,Chronicle,spotify:artist:3ff1CmU6qfTqRAmdrq8EEG,Lights & Motion,2015-01-13,https://i.scdn.co/image/ab67616d0000b2739f6c153c24c1733a2de8154b,1,7,275706,https://p.scdn.co/mp3-preview/15044d5b926350c305067c67fd8619af7b395609?cid=9950ac751e34487dbbe027c4fd7f8e99,false,16,US4KH1556007,,2024-03-13T09:40:26Z
spotify:track:4d7zqhWQEmJE4gQDW1uLjY,Circles,spotify:artist:5RcJDMYwS4w1XJkNiR4LvM,Immediate,spotify:album:7ieDDy10yn5XJzCOSGbx3r,Dream Worlds,spotify:artist:5RcJDMYwS4w1XJkNiR4LvM,Immediate,2018-12-15,https://i.scdn.co/image/ab67616d0000b273868cc1f139394a9e2700e701,1,13,252000,https://p.scdn.co/mp3-preview/749111a956cc2e3102979917c9a1b99c7d9f1e2d?cid=9950ac751e34487dbbe027c4fd7f8e99,false,4,QMSTJ1800932,,2024-03-13T09:37:07Z
spotify:track:4w2sOKmotzKsdGDLHic94B,Tonight I’m Getting Over You,spotify:artist:6sFIWsNpZYqfjUpaCgueju,Carly Rae Jepsen,spotify:album:6SSSF9Y6MiPdQoxqBptrR2,Kiss,spotify:artist:6sFIWsNpZYqfjUpaCgueju,Carly Rae Jepsen,2012-01-01,https://i.scdn.co/image/ab67616d0000b273d3ee4bf67c2ac2154006ad72,1,10,219213,,false,45,USUM71208958,,2025-03-10T07:13:34Z
spotify:track:7JJmb5XwzOO8jgpou264Ml,There's Nothing Holdin' Me Back,spotify:artist:7n2wHs1TKAczGzO7Dd2rGr,Shawn Mendes,spotify:album:3wBabo4pmzsYjALMSKY7Iq,Illuminate (Deluxe),spotify:artist:7n2wHs1TKAczGzO7Dd2rGr,Shawn Mendes,2017-04-20,https://i.scdn.co/image/ab67616d0000b273ea3ef7697cfd5705b8f47521,1,1,199440,,false,86,USUM71702833,,2025-03-10T06:59:31Z
spotify:track:61dCUoMCg28qEBzrW6htYM,Rather Be (feat. Jess Glynne),"spotify:artist:6MDME20pz9RveH9rEXvrOM, spotify:artist:4ScCswdRlyA23odg9thgIO","Clean Bandit, Jess Glynne",spotify:album:0dNt3MfPrvj6mHmajSuahw,New Eyes,spotify:artist:6MDME20pz9RveH9rEXvrOM,Clean Bandit,2014-05-09,https://i.scdn.co/image/ab67616d0000b2735ef315d54fd701725176292e,1,4,227833,https://p.scdn.co/mp3-preview/358cc2906abb9789b9c1d4a7e07dc2601b7ade4b?cid=9950ac751e34487dbbe027c4fd7f8e99,false,76,GBAHS1300498,,2025-03-10T06:27:44Z
spotify:track:459bRKmDJZ7s60aA4ImzWT,我想,"spotify:artist:3vvSWYLgpR1Ahhat4yCoCk, spotify:artist:3nLaSmXwCPDiIMS20cPfqc","BLURRY KISS, 小白羊HUSH",spotify:album:1SORLV3fxXMWRb2UNu8clA,我想,"spotify:artist:3vvSWYLgpR1Ahhat4yCoCk, spotify:artist:3nLaSmXwCPDiIMS20cPfqc","BLURRY KISS, 小白羊HUSH",2025-01-13,https://i.scdn.co/image/ab67616d0000b27378f4ab98df9a2bb2445e0ddd,1,1,200179,https://p.scdn.co/mp3-preview/5fc42626040d2a62c1234bfa9a083859ea5e4127?cid=9950ac751e34487dbbe027c4fd7f8e99,false,0,HKG731400730,,2025-03-10T06:10:48Z
spotify:track:3P3pw6C19j31Rnzgo3JG7o,Perfect Strangers,"spotify:artist:1HBjj22wzbscIZ9sEb5dyf, spotify:artist:4kYGAK2zu9EAomwj3hXkXy","Jonas Blue, JP Cooper",spotify:album:2xZSrcBmvMw9Y8hac6xU7L,Blue,spotify:artist:1HBjj22wzbscIZ9sEb5dyf,Jonas Blue,2018-11-09,https://i.scdn.co/image/ab67616d0000b2735b6bcc59c3562a6f362344c6,1,2,196613,,false,77,GBUM71602437,,2025-03-10T06:05:15Z
spotify:track:7wMq5n8mYSKlQIGECKUgTX,Hall of Fame (feat. will.i.am),"spotify:artist:3AQRLZ9PuTAozP28Skbq8V, spotify:artist:085pc2PYOi8bGKj0PNjekA","The Script, will.i.am",spotify:album:7JOCOjZTcLysDMkZGWlcIj,#3 Deluxe Version,spotify:artist:3AQRLZ9PuTAozP28Skbq8V,The Script,2012-09-10,https://i.scdn.co/image/ab67616d0000b2732e3049fef96abebf336b7366,1,3,202533,https://p.scdn.co/mp3-preview/466ad3f7e7b495b95cc49fdf7eef90fde9ee7cc8?cid=9950ac751e34487dbbe027c4fd7f8e99,false,81,GBARL1201055,,2025-03-10T05:56:14Z
spotify:track:2PBghI9zJkQEWBzMSMo2Ki,Speak Now,spotify:artist:06HL4z0CvFAxyc27GXpf02,Taylor Swift,spotify:album:6S6JQWzUrJVcJLK4fi74Fw,Speak Now (Deluxe Package),spotify:artist:06HL4z0CvFAxyc27GXpf02,Taylor Swift,2010-01-01,https://i.scdn.co/image/ab67616d0000b273e1bc852a04501952c765d5cd,1,4,240773,,false,54,USCJY1003658,,2025-03-04T06:37:51Z
spotify:track:7GYLsGlCPqSkLBNDC5mVyl,Magic,"spotify:artist:1XLjkBxFokuDTlHt0mQkRe, spotify:artist:6ctgu4FFlnNhMgrKiIzCxp","Thomas Gold, Jillian Edwards",spotify:album:3sv4c3hqHP1ZO8Nj62W8TS,Magic,"spotify:artist:1XLjkBxFokuDTlHt0mQkRe, spotify:artist:6ctgu4FFlnNhMgrKiIzCxp","Thomas Gold, Jillian Edwards",2016-09-30,https://i.scdn.co/image/ab67616d0000b273072e0b49bf2301e6958009fa,1,1,170502,https://p.scdn.co/mp3-preview/9951e96b9c737e1657ad61d067a7b7524c0f65d7?cid=9950ac751e34487dbbe027c4fd7f8e99,false,38,NLF711606539,,2025-02-28T07:02:36Z
spotify:track:7y7fPt0Tbv7IW4NLjrIpG4,San Francisco (feat. Sofia Carson),"spotify:artist:4sTQVOfp9vEMCemLw50sbu, spotify:artist:7bp2lSdh12wcA8LyB1srfJ","Galantis, Sofia Carson",spotify:album:3EikTXXdzsTZBUCNljcsu5,San Francisco (with Sofia Carson),"spotify:artist:4sTQVOfp9vEMCemLw50sbu, spotify:artist:7bp2lSdh12wcA8LyB1srfJ","Galantis, Sofia Carson",2018-12-21,https://i.scdn.co/image/ab67616d0000b273e4fb5d8907e2c273cf1afb43,1,1,154877,https://p.scdn.co/mp3-preview/4a8f092ca0d9ad067fdcf22242767773c078b8a8?cid=9950ac751e34487dbbe027c4fd7f8e99,false,38,USAT21813043,,2025-02-28T06:52:15Z
spotify:track:6DpMOZUchtBMXC6CtNwPj7,Do Right,spotify:artist:14rP13jdQNgQvuPA2AkBgm,Glades,spotify:album:2TLBNF34cFJak3E99FM9DY,To Love You,spotify:artist:14rP13jdQNgQvuPA2AkBgm,Glades,2018-11-02,https://i.scdn.co/image/ab67616d0000b273c2ae7245922906e80a6bf956,1,2,194988,https://p.scdn.co/mp3-preview/ac0163d8f3d1e1158eabfb6fa86591c07def83ad?cid=9950ac751e34487dbbe027c4fd7f8e99,false,41,TCADJ1751740,,2025-02-28T06:41:46Z
spotify:track:2fQxE0jVrjNMT9oJAXtSJR,Domino,spotify:artist:2gsggkzM5R49q6jpPvazou,Jessie J,spotify:album:0BZbTNqpXFg6lxNv78X7Lp,Who You Are (Platinum Edition),spotify:artist:2gsggkzM5R49q6jpPvazou,Jessie J,2011-01-01,https://i.scdn.co/image/ab67616d0000b2737805aebd5a39023d553ada3a,1,14,231840,,false,76,USUM71113573,,2025-02-28T06:33:22Z
spotify:track:15HNdxGKNCIO9pgaY4n7FU,Pretender,spotify:artist:5Vo1hnCRmCM6M4thZCInCj,Official鬍子男dism,spotify:album:17gzvH2FPpVhpuqalLFi9j,Traveler,spotify:artist:5Vo1hnCRmCM6M4thZCInCj,Official鬍子男dism,2019-08-31,https://i.scdn.co/image/ab67616d0000b2739c4ba827e585fabd3cfd90f2,1,7,326842,https://p.scdn.co/mp3-preview/da47863123523107c979c50167778d55610bd613?cid=9950ac751e34487dbbe027c4fd7f8e99,false,58,JPPC01900265,,2025-03-03T06:54:11Z
spotify:track:1a5mgBjrn4NEjvToBR7Pr2,Deep Down (Walk Through Fire),spotify:artist:1aoy0R8uP3x33eqKZOLpN1,Lincoln Brewster,spotify:album:1XH3ccE0vb5e96GePDN5CN,God of the Impossible,spotify:artist:1aoy0R8uP3x33eqKZOLpN1,Lincoln Brewster,2018-05-04,https://i.scdn.co/image/ab67616d0000b2734c7d8cb0bdffb378f758659d,1,1,208226,https://p.scdn.co/mp3-preview/012c8693ba16fbe2ce543b385b5f3fbdbd63d7cf?cid=9950ac751e34487dbbe027c4fd7f8e99,false,29,US25L1800194,,2025-02-26T07:27:56Z
spotify:track:6cvdIC8ClZrePwNDk44Msz,Like Icarus We Fly,"spotify:artist:3B1ZWI1NBrC7EV1fj3pI59, spotify:artist:3vhSndh4ek1drUerI776VD","Ethan Martin, Frida Winsth",spotify:album:1UrdkfoO5D1ayKy3obNR8V,Yo Hero!,spotify:artist:3B1ZWI1NBrC7EV1fj3pI59,Ethan Martin,2018-04-13,https://i.scdn.co/image/ab67616d0000b27354b608a48ef8c9eb242795e5,1,4,261043,https://p.scdn.co/mp3-preview/85fc0d6a33fe7d3a307c4f722332b1aecc89216b?cid=9950ac751e34487dbbe027c4fd7f8e99,false,18,SE5Q51802390,,2025-02-25T07:38:20Z
spotify:track:4rUTAkOU7OkVGeQuyQCHhF,Sledgehammer,spotify:artist:1l8Fu6IkuTP0U5QetQJ5Xt,Fifth Harmony,spotify:album:0zAsh6hObeNmFgFPrUiFcP,Reflection (Deluxe),spotify:artist:1l8Fu6IkuTP0U5QetQJ5Xt,Fifth Harmony,2015-01-30,https://i.scdn.co/image/ab67616d0000b2735bdd9e580fdda5e676a25e6a,1,3,230906,https://p.scdn.co/mp3-preview/a8d2802d91bc61af61761ad95945d2de174f977b?cid=9950ac751e34487dbbe027c4fd7f8e99,false,63,USSM11406643,,2025-02-24T07:10:32Z
spotify:track:7p0nLpkKaAeebJ1SIP46HM,Hollow (feat. Sabelle),"spotify:artist:1oyYbvt8KfYIGkDQqEcVv0, spotify:artist:4Ut1Ue0Ghwe6mbSkmixS9h","My Buddy Mike, Sabelle",spotify:album:0bpTeC9NXm7FDTkBgif8V2,Hollow (feat. Sabelle),spotify:artist:1oyYbvt8KfYIGkDQqEcVv0,My Buddy Mike,2018-03-09,https://i.scdn.co/image/ab67616d0000b273cb7d276c7d2ab807473f5e3f,1,1,232936,https://p.scdn.co/mp3-preview/46210c5857a24f2100541e0c234f2057eee96bef?cid=9950ac751e34487dbbe027c4fd7f8e99,false,35,TCADM1897308,,2025-02-21T08:25:54Z
spotify:track:5yDL13y5giogKs2fSNf7sj,Glad You Came,spotify:artist:2NhdGz9EDv2FeUw6udu2g1,The Wanted,spotify:album:2hnaJ8ktG2FSP1EthsCo6N,Battleground (Deluxe Edition),spotify:artist:2NhdGz9EDv2FeUw6udu2g1,The Wanted,2011-01-01,https://i.scdn.co/image/ab67616d0000b27317a142a78128fb7c54ab9aa4,1,1,197935,,false,76,GBUM71104495,,2025-02-07T08:29:53Z
spotify:track:5o3GnrcFtvkdf3zFznuSbA,Don't Wanna Know (feat. Kendrick Lamar),"spotify:artist:04gDigrS5kc9YWfZHwBETP, spotify:artist:2YZyLoL8N0Wb9xBt1NhZWg","Maroon 5, Kendrick Lamar",spotify:album:1Li4rADxSxjT2g4xqUcMYh,Red Pill Blues (Deluxe),spotify:artist:04gDigrS5kc9YWfZHwBETP,Maroon 5,2018-06-15,https://i.scdn.co/image/ab67616d0000b273deae7d931928fc1543e70203,1,14,214265,,false,70,USUM71609975,,2025-02-18T08:45:49Z
spotify:track:09IStsImFySgyp0pIQdqAc,The Middle,"spotify:artist:2qxJFvFYMEDqd7ui6kSAcq, spotify:artist:6WY7D3jk8zTrHtmkqqo5GI, spotify:artist:4lDBihdpMlOalxy1jkUbPl","Zedd, Maren Morris, Grey",spotify:album:7nEiwcUSwycvC77kZ9ub7c,The Middle,"spotify:artist:2qxJFvFYMEDqd7ui6kSAcq, spotify:artist:6WY7D3jk8zTrHtmkqqo5GI, spotify:artist:4lDBihdpMlOalxy1jkUbPl","Zedd, Maren Morris, Grey",2018-01-23,https://i.scdn.co/image/ab67616d0000b273fbe22d168a743b782a5e856a,1,1,184732,,false,78,USUM71800463,,2025-02-18T06:56:03Z
spotify:track:7pVRoAi6MYz6JkAzU8287W,再見--警察,spotify:artist:5OAvvoK5e5SrxveVL7CQUX,馮曦妤,spotify:album:1Yra6xi3vfH5QX6EDh1iHV,A Little Love,spotify:artist:5OAvvoK5e5SrxveVL7CQUX,馮曦妤,2008-05-26,https://i.scdn.co/image/ab67616d0000b2735c61e2214b36439e731035d9,1,14,137000,https://p.scdn.co/mp3-preview/612b29d26531982eeb1e50a785152e075c5ff214?cid=9950ac751e34487dbbe027c4fd7f8e99,false,23,HKA410200073,,2024-04-28T04:57:26Z
spotify:track:1XwAKjAZ1xDZOcuyZoqce4,Moon River (From Breakfast at Tiffany's) [Remastered],spotify:artist:16eV2TebyEhqaDRFEZJ9h8,Audrey Hepburn,spotify:album:3RnvFVaJrRTpSTFDabNgGA,Moon River (Breakfast at Tiffany's) [Remastered],spotify:artist:16eV2TebyEhqaDRFEZJ9h8,Audrey Hepburn,2014-07-11,https://i.scdn.co/image/ab67616d0000b273c2f4e782ca6f0877acc95253,1,1,123160,https://p.scdn.co/mp3-preview/b10f3e3eedefa2365bfb136f47bfa910ab0c0749?cid=9950ac751e34487dbbe027c4fd7f8e99,false,59,FR6V82642499,,2024-04-28T04:50:12Z
spotify:track:2NzRnMQulc8IEhG3gMTH98,河流,spotify:artist:4I3hAsRQV8shx7fecJ2Y3a,厨子和戏子,spotify:album:3NIyaMu0RkzzKqfky4pmfy,三碗不过岗,spotify:artist:4I3hAsRQV8shx7fecJ2Y3a,厨子和戏子,2017-05-16,https://i.scdn.co/image/ab67616d0000b2739b0c8955a79142e8b51dbffb,1,6,417382,https://p.scdn.co/mp3-preview/b254147d6fbee5d7802924853d595714f0401e36?cid=9950ac751e34487dbbe027c4fd7f8e99,false,25,TWAE31700424,,2024-04-28T04:48:45Z
spotify:track:4xNDbq22jC2Vdf6QV2uArL,當你,spotify:artist:3AroL2oDPiAnMpTmIQv3KP,王心凌,spotify:album:2nXygKVkTEGHeCtdEHCsdp,Begin,spotify:artist:3AroL2oDPiAnMpTmIQv3KP,王心凌,2003-02-01,https://i.scdn.co/image/ab67616d0000b273ef2074974537938d6449717a,1,3,203200,https://p.scdn.co/mp3-preview/d628b6c58f56f87a83c13a5fceaef08b0a542824?cid=9950ac751e34487dbbe027c4fd7f8e99,false,60,TWEP10300003,,2024-04-28T04:48:22Z
spotify:track:7gA5OQWsvAY7HhazroFuwI,"Save Me, San Francisco",spotify:artist:3FUY2gzHeIiaesXtOAdB7A,Train,spotify:album:1CwXS6MAz8Wo7K4TzW9iuR,"Save Me, San Francisco (Golden Gate Edition)",spotify:artist:3FUY2gzHeIiaesXtOAdB7A,Train,2010-12-01,https://i.scdn.co/image/ab67616d0000b2736ff8bc258e3ebc835ffe14ca,1,1,249426,https://p.scdn.co/mp3-preview/0d60f29766f1b03a0bce159adf45a6f71108b2c6?cid=9950ac751e34487dbbe027c4fd7f8e99,false,49,USSM10904108,,2024-04-28T04:47:44Z
spotify:track:09CtPGIpYB4BrO8qb1RGsF,Sorry,spotify:artist:1uNFoZAHBGtllmzznpCI3s,Justin Bieber,spotify:album:6Fr2rQkZ383FcMqFyT7yPr,Purpose (Deluxe),spotify:artist:1uNFoZAHBGtllmzznpCI3s,Justin Bieber,2015-11-13,https://i.scdn.co/image/ab67616d0000b273f46b9d202509a8f7384b90de,1,4,200786,,false,84,USUM71516760,,2024-04-28T04:46:41Z
spotify:track:7FF6G05n9miuMyKIghhrff,Reverie,spotify:artist:2cCoJDNez7SlrY5HuFHTWD,Kozoro,spotify:album:5OJuEpZhKlJj7RXZyaxAbP,Reverie,spotify:artist:2cCoJDNez7SlrY5HuFHTWD,Kozoro,2017-12-21,https://i.scdn.co/image/ab67616d0000b27300689a979e8e0930a1c4917e,1,1,183529,https://p.scdn.co/mp3-preview/e0bda130d85bc8ebe4edf88ed1a1692577cb61f0?cid=9950ac751e34487dbbe027c4fd7f8e99,false,4,QM42K1723523,,2024-04-28T04:46:17Z
spotify:track:4pXVMH7FYWpQyYyjJ864tH,Something More (Pt. 2),spotify:artist:2cCoJDNez7SlrY5HuFHTWD,Kozoro,spotify:album:5OJuEpZhKlJj7RXZyaxAbP,Reverie,spotify:artist:2cCoJDNez7SlrY5HuFHTWD,Kozoro,2017-12-21,https://i.scdn.co/image/ab67616d0000b27300689a979e8e0930a1c4917e,1,4,156521,https://p.scdn.co/mp3-preview/5a0ab6b3d55284c66599a729bedd2df5855c5db8?cid=9950ac751e34487dbbe027c4fd7f8e99,false,4,QM42K1744082,,2024-04-28T04:45:53Z
spotify:track:2eXJdPKgAULnqmBJHKDoUK,Something More,spotify:artist:2cCoJDNez7SlrY5HuFHTWD,Kozoro,spotify:album:4aNIelLzYY3vwMPvA7yGRd,Something More,spotify:artist:2cCoJDNez7SlrY5HuFHTWD,Kozoro,2017-11-06,https://i.scdn.co/image/ab67616d0000b27366179646a04aedb67a04c986,1,1,193411,https://p.scdn.co/mp3-preview/9dcf9b26ce98b00a96e2fe3b99fb467f08c39cec?cid=9950ac751e34487dbbe027c4fd7f8e99,false,18,QM42K1501327,,2024-04-28T04:44:35Z
spotify:track:3rdTo5LQGou3pS2ZLxTAcQ,Starving - Acoustic,"spotify:artist:5p7f24Rk5HkUZsaS3BLG5F, spotify:artist:4lDBihdpMlOalxy1jkUbPl, spotify:artist:2qxJFvFYMEDqd7ui6kSAcq","Hailee Steinfeld, Grey, Zedd",spotify:album:5btWj40qkYd8xGP9K42E7Q,Starving (Acoustic),"spotify:artist:5p7f24Rk5HkUZsaS3BLG5F, spotify:artist:4lDBihdpMlOalxy1jkUbPl","Hailee Steinfeld, Grey",2016-11-11,https://i.scdn.co/image/ab67616d0000b273d8a30a90a81b417db6f79ebd,1,1,181293,,false,52,USUM71614736,,2024-04-28T04:43:39Z
spotify:track:4h4tDvPuLxoWbiDEhhdCGD,"Sleep, For the Weak! - Lost Frequencies Remix","spotify:artist:1RPZu5nxPrakSD5NumbgSn, spotify:artist:7f5Zgnp2spUuuzKplmRkt7","Lea Rue, Lost Frequencies",spotify:album:3e4xVrEndTpRiRRI4SieYB,Sleep!,spotify:artist:1RPZu5nxPrakSD5NumbgSn,Lea Rue,2015-12-14,https://i.scdn.co/image/ab67616d0000b2731fae47df3d553d1103e608a4,1,2,200330,https://p.scdn.co/mp3-preview/feca1b0c93053213a2543e03a5014470e845d69d?cid=9950ac751e34487dbbe027c4fd7f8e99,false,34,BEK011500420,,2024-04-28T04:43:05Z
spotify:track:6O20JhBJPePEkBdrB5sqRx,Diamonds,spotify:artist:5pKCCKE2ajJHZ9KAiaK11H,Rihanna,spotify:album:5pLlGJrxuQO3jMoQe1XxZY,Unapologetic (Deluxe),spotify:artist:5pKCCKE2ajJHZ9KAiaK11H,Rihanna,2012-12-11,https://i.scdn.co/image/ab67616d0000b2736dee21d6cd1823e4d6231d37,1,2,225146,,false,75,USUM71211793,,2024-04-28T04:42:26Z
spotify:track:41Fflg7qHiVOD6dEPvsCzO,Worth It (feat. Kid Ink),"spotify:artist:1l8Fu6IkuTP0U5QetQJ5Xt, spotify:artist:6KZDXtSj0SzGOV705nNeh3","Fifth Harmony, Kid Ink",spotify:album:0zAsh6hObeNmFgFPrUiFcP,Reflection (Deluxe),spotify:artist:1l8Fu6IkuTP0U5QetQJ5Xt,Fifth Harmony,2015-01-30,https://i.scdn.co/image/ab67616d0000b2735bdd9e580fdda5e676a25e6a,1,4,224573,https://p.scdn.co/mp3-preview/de93c7aed8dff779d1fdba63d1522f2c770980f5?cid=9950ac751e34487dbbe027c4fd7f8e99,false,79,USSM11406644,,2024-04-28T04:42:00Z
spotify:track:1x5sYLZiu9r5E43kMlt9f8,Symphony (feat. Zara Larsson),"spotify:artist:6MDME20pz9RveH9rEXvrOM, spotify:artist:1Xylc3o4UrD53lo9CvFvVg","Clean Bandit, Zara Larsson",spotify:album:4b13SJlne61y53KSEwuQtD,Symphony (feat. Zara Larsson),"spotify:artist:6MDME20pz9RveH9rEXvrOM, spotify:artist:1Xylc3o4UrD53lo9CvFvVg","Clean Bandit, Zara Larsson",2017-03-16,https://i.scdn.co/image/ab67616d0000b2735b1130d050c4cd2295999d85,1,1,212459,https://p.scdn.co/mp3-preview/de52d824478549b51de6aeeb0077b00c5f0e2ead?cid=9950ac751e34487dbbe027c4fd7f8e99,false,74,GBAHS1700199,,2024-04-28T04:41:37Z
spotify:track:1f6BCvvF3Ww5jZhmEnvyFv,Ready To Love You,spotify:artist:2ZuweXv0TkfsidZOLZZoM2,HEDEGAARD,spotify:album:1phIZmRsrz3XAmF3UTWCIu,Ready To Love You,spotify:artist:2ZuweXv0TkfsidZOLZZoM2,HEDEGAARD,2017-10-20,https://i.scdn.co/image/ab67616d0000b2732b6767a008911f3f68e286ef,1,1,209047,,false,21,DKUM71700410,,2024-04-28T04:40:37Z
spotify:track:5SlU0Yhi51jobhEiGE4xDv,2 soon,spotify:artist:3pc0bOVB5whxmD50W79wwO,keshi,spotify:album:5TfGMgtbj2pU60Hk7DT5Yb,2 soon,spotify:artist:3pc0bOVB5whxmD50W79wwO,keshi,2018-08-21,https://i.scdn.co/image/ab67616d0000b273d2cd2645f470f8eb4f10f81a,1,1,206511,https://p.scdn.co/mp3-preview/ff55e5b08dd5bed68ed310cf787c9db2e4f661b4?cid=9950ac751e34487dbbe027c4fd7f8e99,true,69,SEYOK1844144,,2024-04-28T04:40:13Z
spotify:track:46n9OJc7LOIVdj8t2l5WA5,End Of The Night,spotify:artist:5y3G1B8cpCTaoq0uDgjwzH,Danny Avila,spotify:album:6N085MPcpJXjWrPf31uHDK,End Of The Night,spotify:artist:5y3G1B8cpCTaoq0uDgjwzH,Danny Avila,2018-11-16,https://i.scdn.co/image/ab67616d0000b273c27d89fa8abb3990e2b3a29c,1,1,205724,https://p.scdn.co/mp3-preview/91d8a5600bf2055674e5293a88e53060326e9f26?cid=9950ac751e34487dbbe027c4fd7f8e99,true,49,ES5021801019,,2024-04-28T04:39:46Z
spotify:track:7CeLfgBWDCrReu6y201dkD,光輝歲月,spotify:artist:4F5TrtYYxsVM1PhbtISE5m,Beyond,spotify:album:7G9zIl4BH2h3w1BBTzh5xX,Control,spotify:artist:4F5TrtYYxsVM1PhbtISE5m,Beyond,1992-01-01,https://i.scdn.co/image/ab67616d0000b273dbc60ebc441e06811925b8e1,1,9,303706,,false,41,HKG079900415,,2024-04-28T04:39:24Z
spotify:track:77uktQePd9IdeMPVWlu1cO,海闊天空,spotify:artist:4F5TrtYYxsVM1PhbtISE5m,Beyond,spotify:album:4lsNuMoDCb89Rso6pGuX0E,華納廿三週年紀念精選系列 - Beyond,spotify:artist:4F5TrtYYxsVM1PhbtISE5m,Beyond,1992-07-31,https://i.scdn.co/image/ab67616d0000b27371befcc92c268193bdda52db,1,1,239506,https://p.scdn.co/mp3-preview/e3ff64979b513b90a0c56d3e2c792a366484a5f9?cid=9950ac751e34487dbbe027c4fd7f8e99,false,60,HKI499327206,,2024-04-28T04:39:19Z
spotify:track:6VrCmhRBFnuGKmtNfk4jDs,Spotlight,"spotify:artist:64KEffDW9EtZ1y2vBYgq8T, spotify:artist:2kCcBybjl3SAtIcwdWpUe3","Marshmello, Lil Peep",spotify:album:2oQFjuVpdWJWfjRXIKUKCn,Spotlight,"spotify:artist:64KEffDW9EtZ1y2vBYgq8T, spotify:artist:2kCcBybjl3SAtIcwdWpUe3","Marshmello, Lil Peep",2018-01-12,https://i.scdn.co/image/ab67616d0000b273106de83d0b714c2de73dab41,1,1,177600,https://p.scdn.co/mp3-preview/a2f2683601c95497e28f26eaa897bb209ffd4b6c?cid=9950ac751e34487dbbe027c4fd7f8e99,false,70,TCADL1806966,,2024-04-28T04:38:55Z
spotify:track:46mjjv3QWPu2jISF9FRB0e,Blank Space - Mix Version,spotify:artist:5ZpJU7Do4NOcQPQYQwBkUQ,Abbey Blue,spotify:album:6QxyereRH24S9DyhpyiyMf,"Ballad of the Mighty, Vol. 1 (Top Hits Charts Radio 2015 - Remix Party)",spotify:artist:0LyfQWJT6nXafLPZqxe9Of,群星,2015-01-01,https://i.scdn.co/image/ab67616d0000b273c3ff33231711bb2115e70cba,1,11,231897,,false,0,BET231402198,,2024-04-28T04:38:32Z
spotify:track:0ygttXRPvD5u9ikS8LwJvl,冬眠,spotify:artist:0xftsXB7VnOwibMhupkamE,司南,spotify:album:0oS3ZVlS3ygBqI7zLDZa21,冬眠,spotify:artist:0xftsXB7VnOwibMhupkamE,司南,2019-10-28,https://i.scdn.co/image/ab67616d0000b2734d5f5c25f92df02bab0b691f,1,1,269583,https://p.scdn.co/mp3-preview/993ea204137b1f219d7d5399d2124b7e07c6cf81?cid=9950ac751e34487dbbe027c4fd7f8e99,false,56,FRX201943002,,2024-04-28T04:37:18Z
spotify:track:2lnzGkdtDj5mtlcOW2yRtG,"Whenever, Wherever",spotify:artist:0EmeFodog0BfCgMzAIvKQp,Shakira,spotify:album:4DyMK9x2gnmRkRa16zHaEV,Laundry Service,spotify:artist:0EmeFodog0BfCgMzAIvKQp,Shakira,2001-11-13,https://i.scdn.co/image/ab67616d0000b2731f400a1f4d821b00824cf58f,1,3,196160,https://p.scdn.co/mp3-preview/93dc52d836150fba41afeb6df2e9167875c7d8fb?cid=9950ac751e34487dbbe027c4fd7f8e99,false,77,NLB630100324,,2024-04-28T04:36:56Z
spotify:track:5zpDHEU12zATwLGvozxPw2,Lighters,"spotify:artist:77IURH5NC56Jn09QHi76is, spotify:artist:0du5cEVh5yTK9QJze8zA0C","Bad Meets Evil, Bruno Mars",spotify:album:5abCMGtyHwpOr9cEbwfP1P,Hell: The Sequel (Deluxe),spotify:artist:77IURH5NC56Jn09QHi76is,Bad Meets Evil,2011-01-01,https://i.scdn.co/image/ab67616d0000b27359a1132f3cab22f80b2d2777,1,7,303813,,true,68,USUM71108179,,2024-04-28T04:36:37Z
spotify:track:3KpWe3r9i5TgKowWnrLdUY,Calling For You,"spotify:artist:1f3NYrlm9GpXxMz8XZGEP5, spotify:artist:11InEq06MeyausbK2U6bNW","Axero, Andrew Harris",spotify:album:7HNIOyhP8SRB1GCFU7ZvhW,Calling For You,spotify:artist:1f3NYrlm9GpXxMz8XZGEP5,Axero,2017-01-01,https://i.scdn.co/image/ab67616d0000b273948ddf4c890daf61b7ed5990,1,1,220273,https://p.scdn.co/mp3-preview/75402c994a5cda1d7d5d6fea0f2e968fa749acc4?cid=9950ac751e34487dbbe027c4fd7f8e99,false,7,GBSMU3680426,,2024-04-28T04:36:21Z
spotify:track:0FfdtQrD9kT42o6Anv4uDn,大魚 - 唱片版,spotify:artist:0BezPR1Hn38i8qShQKunSD,周深,spotify:album:6rXktEEIKU4LrdseMPzwaP,深的深,spotify:artist:0BezPR1Hn38i8qShQKunSD,周深,2017-11-06,https://i.scdn.co/image/ab67616d0000b273bf24352caf35d83d05519573,1,9,317597,https://p.scdn.co/mp3-preview/e1ac88c9e6ceed0058b4449723c2c146b5ce9c44?cid=9950ac751e34487dbbe027c4fd7f8e99,false,54,CNZ021600012,,2024-04-28T04:32:50Z
spotify:track:2fdGRbyboTQc6C7at5gYmh,Killing Me,spotify:artist:29iw18MxnVp5gLozO7e2HE,Ofelia K,spotify:album:3zcWkqI5b48XCA9tS2Mk88,Chaos Cave,spotify:artist:29iw18MxnVp5gLozO7e2HE,Ofelia K,2016-09-09,https://i.scdn.co/image/ab67616d0000b2738c0f63fe6d5eec85ab9a5e76,1,2,212123,https://p.scdn.co/mp3-preview/42eb901199ed7e7324395213844a814417c5ca55?cid=9950ac751e34487dbbe027c4fd7f8e99,false,21,QM82C1400059,,2024-04-28T04:32:16Z
spotify:track:6cV79YNnS2igJOK2NCyiWz,BUT U,spotify:artist:0id1kre1ASgHByPQgivxUk,NINEONE赵馨玥,spotify:album:0xvuZap10r6Wx8AxBNVYD3,BUT U,spotify:artist:0id1kre1ASgHByPQgivxUk,NINEONE赵馨玥,2020-07-03,https://i.scdn.co/image/ab67616d0000b273d12024ff119387df44214129,1,1,225417,https://p.scdn.co/mp3-preview/f01931ab5a7f8e60729d0fdfc2aee321b08fe260?cid=9950ac751e34487dbbe027c4fd7f8e99,false,45,QMGR32072818,,2024-04-28T04:31:36Z
spotify:track:42FdP8WXKfZ6zKhhHlVZVg,买条街,"spotify:artist:4ozeWlNxFqBrTs8ojJ1a0t, spotify:artist:3qcZVtiMW2Md8bXeVfajmS","$唐老师, Wya乌鸦",spotify:album:1XeR9MehkHg4kC7SdRCndu,买条街,"spotify:artist:4ozeWlNxFqBrTs8ojJ1a0t, spotify:artist:3qcZVtiMW2Md8bXeVfajmS","$唐老师, Wya乌鸦",2018-09-27,https://i.scdn.co/image/ab67616d0000b273a76efab0aa56602833644fc9,1,1,185806,https://p.scdn.co/mp3-preview/5ff6eec8ca79f7f8622c264a4541e2714862746d?cid=9950ac751e34487dbbe027c4fd7f8e99,false,0,FR96X1870942,,2024-04-28T04:31:17Z
spotify:track:3EXppyy1kQWMqzyAmPiUk4,Sweet Life,"spotify:artist:2tndYCXQneCV4jtoWRwVpz, spotify:artist:6fT9phXpEYVm2zB0QzGqDJ","Lucas Estrada, Swedish Red Elephant",spotify:album:0My77WwsqY6KMIuWJ1BsXZ,Sweet Life,"spotify:artist:2tndYCXQneCV4jtoWRwVpz, spotify:artist:6fT9phXpEYVm2zB0QzGqDJ","Lucas Estrada, Swedish Red Elephant",2017-09-15,https://i.scdn.co/image/ab67616d0000b27344da4ea44a7ab2f41a4cbe5e,1,1,180583,https://p.scdn.co/mp3-preview/fda00e67cc4e2f88e794aa8343a00586e053cc03?cid=9950ac751e34487dbbe027c4fd7f8e99,false,22,SE3GO1704101,,2024-04-28T04:31:07Z
spotify:track:41HWKw9yrPcrRQ29woL6qz,Shot You Down,spotify:artist:2vFSHeydeTdrl0dtDQjByx,Alice Olivia,spotify:album:3yz18GtzTS0nt8sUmR0KyU,Shot You Down,spotify:artist:2vFSHeydeTdrl0dtDQjByx,Alice Olivia,2016-10-17,https://i.scdn.co/image/ab67616d0000b2738bb679e749c8ddc1592dc613,1,1,202176,https://p.scdn.co/mp3-preview/3a3134d9e3f573ecff6ab94c31ed1a0c981dfd44?cid=9950ac751e34487dbbe027c4fd7f8e99,false,0,UK6BM1600081,,2024-04-28T04:30:13Z
spotify:track:7tcdBEVTZHNgPBE1wfiAu3,Property Lines,spotify:artist:2FRf6K3iOQG5IsWkhTbVRS,Dusted,spotify:album:5b8UM4hViOOWRcBUDQJ6S4,Total Dust,spotify:artist:2FRf6K3iOQG5IsWkhTbVRS,Dusted,2012-07-10,https://i.scdn.co/image/ab67616d0000b2734a58ed1240b8298135022564,1,7,200013,https://p.scdn.co/mp3-preview/065d66ed78f6fcad51d7b6d3b8c56068a2ffda5b?cid=9950ac751e34487dbbe027c4fd7f8e99,false,47,US3R41224307,,2024-04-28T04:29:03Z
spotify:track:33n6t94Y2fCe79PElHztz3,Nine to Five - Workout Mix 104 BPM,spotify:artist:4G246pxc4YB8ZC2PkQhJWx,Billie Tasker,spotify:album:2RTSOBLlk33O3WeSfZBlpm,Best of Country Keep Fit - All the Country Classics (Remixed For Fitness),spotify:artist:4G246pxc4YB8ZC2PkQhJWx,Billie Tasker,2017-07-28,https://i.scdn.co/image/ab67616d0000b273cf5f4d5b05f21c8e5c280845,1,3,245514,https://p.scdn.co/mp3-preview/00934ead37d269eefcab00b5f821d1f612f36a73?cid=9950ac751e34487dbbe027c4fd7f8e99,false,3,GBKTX1607787,,2024-04-28T04:28:12Z
spotify:track:2kLKtY5VK6OJeGgAP9pHsw,越來越不懂,spotify:artist:376pcuw4IgWBMOUwCr8kIm,蔡健雅,spotify:album:5l9IWpaazABwv1wjfLkj2K,My Space 演唱會紀念盤,spotify:artist:376pcuw4IgWBMOUwCr8kIm,蔡健雅,2008-07-28,https://i.scdn.co/image/ab67616d0000b273c843df0f5c25caec43f4d0cc,1,1,229120,https://p.scdn.co/mp3-preview/aa72722134f0187aa3800f0cac3b79b4a16fab18?cid=9950ac751e34487dbbe027c4fd7f8e99,false,24,TWJ010800401,,2024-04-28T04:27:20Z
spotify:track:4RSCHZqSOHF6jalmizzgVb,Little Of Your Love - BloodPop® Remix,"spotify:artist:4Ui2kfOqGujY81UcPrb5KE, spotify:artist:1okJ4NC308qbtY9LyHn6DO","HAIM, BloodPop®",spotify:album:2r9aO4FNyYUQqCtOdI9Tdo,Little Of Your Love (Remixes),spotify:artist:4Ui2kfOqGujY81UcPrb5KE,HAIM,2017-09-01,https://i.scdn.co/image/ab67616d0000b273ea15d4fb5cd4dd6854d212db,1,1,204362,,false,7,GBUM71703821,,2024-04-28T04:26:58Z
spotify:track:4PclVeJhS7T3bHZRYWK0h0,Hold My Hand,spotify:artist:6ZDJLJttYc8Pa7Rnoz7pxJ,Donora,spotify:album:29vlAudLjs3ZeUdCRP8PeZ,Play Nice,spotify:artist:6ZDJLJttYc8Pa7Rnoz7pxJ,Donora,2013-01-29,https://i.scdn.co/image/ab67616d0000b273e2afc3f8e25f968a57047e98,1,4,234840,https://p.scdn.co/mp3-preview/efbae2500acb5f1cbc2d75e3427642b96000179d?cid=9950ac751e34487dbbe027c4fd7f8e99,false,11,USQY51304229,,2024-04-28T04:26:33Z
spotify:track:1i1fxkWeaMmKEB4T7zqbzK,Don't Let Me Down,"spotify:artist:69GGBxA162lTqCwzJG5jLp, spotify:artist:6Dd3NScHWwnW6obMFbl1BH","The Chainsmokers, Daya",spotify:album:2SByipSK8eZ2pasaIwwzhf,Don't Let Me Down,"spotify:artist:69GGBxA162lTqCwzJG5jLp, spotify:artist:6Dd3NScHWwnW6obMFbl1BH","The Chainsmokers, Daya",2016-02-05,https://i.scdn.co/image/ab67616d0000b27302df2d642b572cf4f284a5c3,1,1,208373,https://p.scdn.co/mp3-preview/4db7d84bd59065908dcbd9d8fa2d7b8f0e392359?cid=9950ac751e34487dbbe027c4fd7f8e99,false,82,USQX91600011,,2024-04-28T04:25:36Z
spotify:track:60VJYTVDocqDOUEqHYl9fC,Burn (Workout Mix 174 BPM),spotify:artist:3eB9qB5UiWAprUOi6aO8LR,Chandler FX,spotify:album:66Vm8yHrAxXc1tWedPR1hj,"Winter Fitness Remix Hits - Pumping Fitness Beats - Remixed for Keep Fit, Running, Exercise & Gym",spotify:artist:0LyfQWJT6nXafLPZqxe9Of,群星,2015-02-18,https://i.scdn.co/image/ab67616d0000b27302da6ada02c508a5bf8d2bc2,1,4,230352,https://p.scdn.co/mp3-preview/84f3bdfaacb59a2883b4ae6c727da62021256183?cid=9950ac751e34487dbbe027c4fd7f8e99,false,0,GBKTX1507410,,2024-04-28T04:25:06Z
spotify:track:7K56m4tO9joiEKY4O43JdA,狂妄,spotify:artist:2lpJv6MYhly9Ch2eKbATi4,Todd Li,spotify:album:1cFoctoDoxi7k4lfeP84rZ,狂妄,spotify:artist:2lpJv6MYhly9Ch2eKbATi4,Todd Li,2020-08-22,https://i.scdn.co/image/ab67616d0000b27314a7c8671223bdfee1d10198,1,1,231317,https://p.scdn.co/mp3-preview/fd6a69bc185b57a122f55461a783486145e51bf3?cid=9950ac751e34487dbbe027c4fd7f8e99,false,6,HKG732025549,,2024-04-28T04:24:19Z
spotify:track:5OycirmKqhpSUFbFlilXmp,Porn Star,spotify:artist:5JSXWmQO8csVUy6hSRu8TA,Maty Noyes,spotify:album:3O9x3cMOCtPX2cbdGSaNEi,Love Songs From A Lolita,spotify:artist:5JSXWmQO8csVUy6hSRu8TA,Maty Noyes,2018-08-10,https://i.scdn.co/image/ab67616d0000b2733fcb43baf03e73a990a9283e,1,2,161853,,true,22,USUM71810267,,2024-04-28T04:23:41Z
spotify:track:1IyCZwYxag6L2htgJTAdZ6,想你的365天,spotify:artist:3ioHf138TiMxYRCWmC8yJX,李玟,spotify:album:3MMhYx0Dr0nzPDcdbspjBx,碰碰看愛情,spotify:artist:3ioHf138TiMxYRCWmC8yJX,李玟,1998-08-14,https://i.scdn.co/image/ab67616d0000b273b618982bd9dbf7733d482ab7,1,2,326906,https://p.scdn.co/mp3-preview/0d63ab9f02e74749369454af553781f24a9d946a?cid=9950ac751e34487dbbe027c4fd7f8e99,false,25,TWA479816003,,2024-04-28T04:23:04Z
spotify:track:6kWrgWBA58DIxgiklyGh8m,Touching You Again,"spotify:artist:3GtCKJA4SkOxN65MWjm82R, spotify:artist:6lB8vOoI4DRrrVxXwuV19c, spotify:artist:5keDbKEPwrbe36cPzRpzsK","Hot Shade, Mike Perry, Jane XØ",spotify:album:6EytPZTztkf8fuRlb2NzMO,Touching You Again,"spotify:artist:3GtCKJA4SkOxN65MWjm82R, spotify:artist:6lB8vOoI4DRrrVxXwuV19c, spotify:artist:5keDbKEPwrbe36cPzRpzsK","Hot Shade, Mike Perry, Jane XØ",2016-11-25,https://i.scdn.co/image/ab67616d0000b273a5d7c0b44fe4191db087d747,1,1,182270,https://p.scdn.co/mp3-preview/d115d2a297b4fcd524c75152bc1cd027c4ef0bb6?cid=9950ac751e34487dbbe027c4fd7f8e99,false,32,SE3AA1600018,,2024-04-28T04:21:35Z
spotify:track:52iLDrSoRtf9lcgFuLVfqE,Older,spotify:artist:4xnihxcoXWK3UqryOSnbw5,Sasha Alex Sloan,spotify:album:2mTA1YzwWs39JdjSIQNCBS,Older,spotify:artist:4xnihxcoXWK3UqryOSnbw5,Sasha Alex Sloan,2018-11-09,https://i.scdn.co/image/ab67616d0000b273352b3ced3f510b351e02b058,1,1,191001,https://p.scdn.co/mp3-preview/020dd7d99dfd641b01c8e34fe7b1a98d84f9f401?cid=9950ac751e34487dbbe027c4fd7f8e99,false,68,USRC11803527,,2024-04-28T04:21:08Z
spotify:track:6u5ipVfAHGjTXvWuiI5sKB,Boogie Up,spotify:artist:6hhqsQZhtp9hfaZhSd0VSD,WJSN,spotify:album:53gncm4YYhGNfqgPWSgXbJ,SPECIAL ALBUM <For the Summer>,spotify:artist:6hhqsQZhtp9hfaZhSd0VSD,WJSN,2019-06-04,https://i.scdn.co/image/ab67616d0000b273f2e88abcdaf7ae7777159827,1,1,183787,https://p.scdn.co/mp3-preview/e1e1936cf54d9e90a41c91abafa4ec1f30f72a45?cid=9950ac751e34487dbbe027c4fd7f8e99,false,37,KRA381903186,,2024-04-28T04:20:45Z
spotify:track:7zg7ehdcqzcsJaMhXo2AhD,I Don't Want to Miss a Thing - Housemaxx Edit,"spotify:artist:30lWMZ1mHrwOUDzxC4UXqm, spotify:artist:5ipY2Amncv0lp5xtSXZ2nk, spotify:artist:7AFG0qFdArdWTOPUswtmMs","Jane Vogue, Latoya, Housemaxx",spotify:album:41UzcgNfqDIxLxUkhuiuqD,I Don't Want to Miss a Thing,spotify:artist:30lWMZ1mHrwOUDzxC4UXqm,Jane Vogue,2017-04-25,https://i.scdn.co/image/ab67616d0000b273ff03759a25d1e50c80a263f8,1,2,245729,https://p.scdn.co/mp3-preview/d4a3075b8d2f750ff98622194322eadcc1320e26?cid=9950ac751e34487dbbe027c4fd7f8e99,false,0,DEN951700090,,2024-04-28T04:20:31Z
spotify:track:2VNtZIDJxlkydKBRW0ROOP,一笑懸命,spotify:artist:0iWpuF3h43ZtZJxcUp8eti,遊助,spotify:album:3RFQ3gPkePZzJTwNzbLSVR,一笑懸命/イナヅマ侍　コンプリートパック,spotify:artist:0iWpuF3h43ZtZJxcUp8eti,遊助,2011-11-09,https://i.scdn.co/image/ab67616d0000b273c76517d0750a1c89fb4fb1d7,1,1,232346,https://p.scdn.co/mp3-preview/5a05304c2b35e672ca925a149c59f331c55a7e3c?cid=9950ac751e34487dbbe027c4fd7f8e99,false,23,JPSR01103021,,2024-04-28T04:19:03Z
spotify:track:5INhCOLabQB884Ffd6YE46,Remember Our Summer,spotify:artist:3MXoYYNmf8mKzCGAJJIlyp,Frogmonster,spotify:album:3FnAIPALkedY9ZFGjNikDw,Remember Our Summer,spotify:artist:3MXoYYNmf8mKzCGAJJIlyp,Frogmonster,2019-08-26,https://i.scdn.co/image/ab67616d0000b273cd1961d0f951432641e87e20,1,1,163125,https://p.scdn.co/mp3-preview/e56419f3c485ff3b54a05fd00f8771c753485209?cid=9950ac751e34487dbbe027c4fd7f8e99,false,51,USHM81969641,,2024-04-28T04:18:50Z
spotify:track:4OfLvcUCYm0bA9fWvhKgxp,小永远,spotify:artist:4DNH6uc7RVIaceQrINfore,何潔,spotify:album:4qhWpvCGWtm3gEO3NZxhmZ,短暂的爱情,spotify:artist:4DNH6uc7RVIaceQrINfore,何潔,2011-10-24,https://i.scdn.co/image/ab67616d0000b273680723d40684613dae5b25eb,1,2,240253,https://p.scdn.co/mp3-preview/7e6c6b9d433e243253e99e43a7178a7288ad5a26?cid=9950ac751e34487dbbe027c4fd7f8e99,false,15,HKG731541924,,2024-04-28T04:18:18Z
spotify:track:4IlSc2MyCQULIUt8QDw7pL,Dream of Flying,spotify:artist:6roo9MjIl9htSsX2Snnipb,Brian Crain,spotify:album:0X03bt3jajm7DMCZ2L2SAl,Piano and Light,spotify:artist:6roo9MjIl9htSsX2Snnipb,Brian Crain,2011-02-17,https://i.scdn.co/image/ab67616d0000b27304fab0dc144f41e4143a897b,1,11,331151,https://p.scdn.co/mp3-preview/1201963d6456f9b7119037a71024febb7430e616?cid=9950ac751e34487dbbe027c4fd7f8e99,false,34,TCAAW1114623,,2024-04-28T04:17:07Z
spotify:track:2i8DsTPtoeGOiWWacX04R4,In the Mirror,spotify:artist:461GuXrIyyGN1m0dcUfzqj,Mannequin Mars,spotify:album:4K5BI2jBRAuool31IQWLQK,In the Mirror,spotify:artist:461GuXrIyyGN1m0dcUfzqj,Mannequin Mars,2018-10-04,https://i.scdn.co/image/ab67616d0000b273ea18949261b5e006aec81ea5,1,1,212095,https://p.scdn.co/mp3-preview/c2d28f3bd652207aad86f407efd51672c161a7d4?cid=9950ac751e34487dbbe027c4fd7f8e99,false,0,PLR861800306,,2024-04-28T04:16:34Z
spotify:track:6iRgRpfBCdwhYO1Dt4FGyR,Sunflower,spotify:artist:4ULAjXdgOJfwASBSBJFTUW,Emma Stevens,spotify:album:6T6oRhmIK2JnEw7FQ3FV74,Sunflower,spotify:artist:4ULAjXdgOJfwASBSBJFTUW,Emma Stevens,2013-10-20,https://i.scdn.co/image/ab67616d0000b273cf7d7ac4105aedcafa58ad91,1,2,207948,https://p.scdn.co/mp3-preview/972eb8f2035f950c98452e95e13a87cbaf26a2fa?cid=9950ac751e34487dbbe027c4fd7f8e99,false,0,GB89R1300098,,2024-04-28T04:14:59Z
spotify:track:1WE3nwJlYZtAjWhiapCEmn,Falls - TOKiMONSTA Remix,"spotify:artist:21mKp7DqtSNHhCAU2ugvUw, spotify:artist:4xnihxcoXWK3UqryOSnbw5, spotify:artist:3VwKSHAfgzV1DOHV0aANCI","ODESZA, Sasha Alex Sloan, TOKiMONSTA",spotify:album:0qdNjQNd3JwdThtAX3Rw9b,Falls Remixes,spotify:artist:21mKp7DqtSNHhCAU2ugvUw,ODESZA,2018-10-19,https://i.scdn.co/image/ab67616d0000b273923edd0b7887173975f0db47,1,3,228571,https://p.scdn.co/mp3-preview/5f74af29cb9b59603f9ec027e792d1c7057de868?cid=9950ac751e34487dbbe027c4fd7f8e99,false,20,GBCFB1800232,,2024-04-28T04:14:19Z
spotify:track:6oNZ0WxqptE7V0qpjtyJ4a,Falls,"spotify:artist:21mKp7DqtSNHhCAU2ugvUw, spotify:artist:4xnihxcoXWK3UqryOSnbw5","ODESZA, Sasha Alex Sloan",spotify:album:3VzsvmhnUb9OZ59bq2aoNZ,A Moment Apart,spotify:artist:21mKp7DqtSNHhCAU2ugvUw,ODESZA,2017-09-08,https://i.scdn.co/image/ab67616d0000b27345951a69fe39a6e163122eab,1,14,232936,https://p.scdn.co/mp3-preview/8e929dc4112e316f9a5f1e045d43ff548333af04?cid=9950ac751e34487dbbe027c4fd7f8e99,false,52,GBCFB1700220,,2024-04-28T04:13:51Z
spotify:track:43A4rmHek6Gc4QQygbOYhH,I Heart U (feat. Violet Days),"spotify:artist:2pCUatDVV7tUKkKb8vOkyw, spotify:artist:4uNv6RD2YXwoaKgHfJZkkL","Kretsen, Violet Days",spotify:album:0NFJYYhD75xb3EEncBQZzk,I Heart U (feat. Violet Days),spotify:artist:2pCUatDVV7tUKkKb8vOkyw,Kretsen,2017-06-09,https://i.scdn.co/image/ab67616d0000b273efad1895e117f6d11e56c78a,1,1,196711,https://p.scdn.co/mp3-preview/a463ca3fa29cf83382ff73584e4c6e9bba7751e8?cid=9950ac751e34487dbbe027c4fd7f8e99,false,15,SE5QV1700201,,2024-04-28T04:12:48Z
spotify:track:7HKzBOp0gjgxLkrMs9OAJ5,Miracles,"spotify:artist:24Sxfn1uAoJmuR9N72drt9, spotify:artist:2XBw3s8y6GArFsWSQYDrs4","Mike Candys, Maury",spotify:album:1NZHkskzEAAehwzyiAtNCh,Miracles,"spotify:artist:24Sxfn1uAoJmuR9N72drt9, spotify:artist:2XBw3s8y6GArFsWSQYDrs4","Mike Candys, Maury",2014-02-14,https://i.scdn.co/image/ab67616d0000b273795ad2f2711eeffc229b32a7,1,1,162150,https://p.scdn.co/mp3-preview/b3a88ea94bd7b5ad03977794021362737f9ef489?cid=9950ac751e34487dbbe027c4fd7f8e99,false,27,CH3131300270,,2024-04-28T04:12:36Z
spotify:track:70LcF31zb1H0PyJoS1Sx1r,Creep,spotify:artist:4Z8W4fKeB5YxbusRsdQVPb,Radiohead,spotify:album:3gBVdu4a1MMJVMy6vwPEb8,Pablo Honey,spotify:artist:4Z8W4fKeB5YxbusRsdQVPb,Radiohead,1993-02-22,https://i.scdn.co/image/ab67616d0000b273ec548c00d3ac2f10be73366d,1,2,238640,https://p.scdn.co/mp3-preview/f3d864283774529a2378100c912bfacb614db751?cid=9950ac751e34487dbbe027c4fd7f8e99,true,90,GBAYE9200070,,2024-04-28T04:10:49Z
spotify:track:4Px7tzczNN7mLhRdB7WL4H,最美的期待,spotify:artist:0asUEPExLOkMidYAAKqLs0,蔡妍,spotify:album:4tbQNWiqnOHIbLwNXDh75C,Bazzaya,spotify:artist:0asUEPExLOkMidYAAKqLs0,蔡妍,2018-11-12,https://i.scdn.co/image/ab67616d0000b2731fa3be59c6aa22bc8ffd80ef,1,3,211433,https://p.scdn.co/mp3-preview/1baafa1d5a782ef4a1b127e090720c4dd6822140?cid=9950ac751e34487dbbe027c4fd7f8e99,false,0,HKE022232598,,2024-04-26T09:08:43Z
spotify:track:0vvDLPo8SubjZCGjKVZrhJ,飞了,spotify:artist:1YwBQZlsK015NpwaF8gpd9,崔健,spotify:album:1v1MxJcgEdTKhB0MR53LZv,红旗下的蛋,spotify:artist:1YwBQZlsK015NpwaF8gpd9,崔健,1994-08-01,https://i.scdn.co/image/ab67616d0000b2734b555393188a0bdcc204faac,1,1,333000,https://p.scdn.co/mp3-preview/198ae569e8593a74165be8cdeabc6573c040b42a?cid=9950ac751e34487dbbe027c4fd7f8e99,false,18,FRX762167874,,2024-03-22T07:45:49Z
spotify:track:3Oi4DizmaCCb2oT73402Hh,Stand By Me - Steerner Remix,"spotify:artist:6gT6Fw0g5nBD3RQiZub7cA, spotify:artist:1TMa2M8BSbJP1rqX83wALz","Alex D'Rosso, Steerner",spotify:album:1Wyhwc9PsbGI23oIvknHZt,Stand By Me (Steerner Remix),"spotify:artist:6gT6Fw0g5nBD3RQiZub7cA, spotify:artist:1TMa2M8BSbJP1rqX83wALz","Alex D'Rosso, Steerner",2016-11-18,https://i.scdn.co/image/ab67616d0000b273fb43f5a17af7845daac309d8,1,1,148080,https://p.scdn.co/mp3-preview/d413b10d122fd3c6b0efa17f862fa24bf7066d72?cid=9950ac751e34487dbbe027c4fd7f8e99,false,8,SEWLR1604102,,2024-03-22T07:43:28Z
spotify:track:4d8QCee0JKfsBwZFAzfLy1,Wait,"spotify:artist:4ehtJnVumNf6xzSCDk8aLB, spotify:artist:00TKPo9MxwZ0j4ooveIxWZ","Martin Jensen, Loote",spotify:album:1iNsD13L5Rh9JP1TBv5sTD,Wait,spotify:artist:4ehtJnVumNf6xzSCDk8aLB,Martin Jensen,2017-08-18,https://i.scdn.co/image/ab67616d0000b273f4c00e956544d7a2ce10cee1,1,1,165083,,false,42,DK4YA1707801,,2024-03-22T07:40:06Z
spotify:track:2IQB5iBapo0Y37Yc0PtIZc,Contact,"spotify:artist:6bA8L82JXU9CQa2nyUnLDh, spotify:artist:6OxNVd9jJ2IbNrOjHdcpJZ","Lulleaux, Giang Pham",spotify:album:7qCZ7hu4uJKHGAbQvdBgVG,Contact,spotify:artist:6bA8L82JXU9CQa2nyUnLDh,Lulleaux,2017-08-18,https://i.scdn.co/image/ab67616d0000b273ed1453a4f34ce9c5d78e0670,1,1,141875,https://p.scdn.co/mp3-preview/6b203370d8b107ec5fb1630f3662c818e0b9cac4?cid=9950ac751e34487dbbe027c4fd7f8e99,false,47,NLE801700335,,2024-03-22T07:39:26Z
spotify:track:3wrpSepPBg9Ume2bA7CQVj,This Time (Ft. Elsa),spotify:artist:0XdH1HuEPKNb82ykk1uCa5,Paul & Friends,spotify:album:7jNkLJvI4Hqmzyyq1vSnAA,This Time (Ft. Elsa),spotify:artist:0XdH1HuEPKNb82ykk1uCa5,Paul & Friends,2017-04-21,https://i.scdn.co/image/ab67616d0000b273381202fa575f19b2f6068d15,1,1,168397,https://p.scdn.co/mp3-preview/b9fadfe91409847198713c01ddc6cbd912eb5506?cid=9950ac751e34487dbbe027c4fd7f8e99,false,16,USLZJ1743232,,2024-03-22T07:39:12Z
spotify:track:5bxUf7OwZqC4J1PyS5fXit,All My Life,spotify:artist:7uas0F5EhsZg6KDJ7yy7rW,DallasK,spotify:album:1rJI2ZNgGv8KN1GEmvGr9s,All My Life,spotify:artist:7uas0F5EhsZg6KDJ7yy7rW,DallasK,2018-02-02,https://i.scdn.co/image/ab67616d0000b2730d01367112f077d1027bb05f,1,1,217000,https://p.scdn.co/mp3-preview/de82f6b9e16a02bffa27f1935f2ee6a9b19a7883?cid=9950ac751e34487dbbe027c4fd7f8e99,false,33,GBWWP1703285,,2024-03-22T07:31:43Z
spotify:track:4bp8TRXoFmzqZrn9znRRyU,你不是真正的快樂,spotify:artist:7aRC4L63dBn3CiLDuWaLSI,鄧紫棋,spotify:album:6fQWn6AMg9PYShzE7b7awn,女也,spotify:artist:0LyfQWJT6nXafLPZqxe9Of,群星,2015-06-26,https://i.scdn.co/image/ab67616d0000b273e1b73988e80106a4f1878f31,1,6,311166,https://p.scdn.co/mp3-preview/cc7e020dd9cc4ac0b3e325f1f386612c9b7c42a2?cid=9950ac751e34487dbbe027c4fd7f8e99,false,54,TWK231508806,,2024-03-22T07:25:22Z
spotify:track:2P4OICZRVAQcYAV2JReRfj,Waiting For Love,spotify:artist:1vCWHaC5f2uS3yhpwWbIA6,Avicii,spotify:album:7dqftJ3kas6D0VAdmt3k3V,Stories,spotify:artist:1vCWHaC5f2uS3yhpwWbIA6,Avicii,2015-10-02,https://i.scdn.co/image/ab67616d0000b2735393c5d3cac806092a9bc468,1,1,230613,,false,80,CHB701400134,,2024-03-22T07:21:05Z
spotify:track:4X8GWbAnB2YwVFtNqy1HUT,Drive My Car,spotify:artist:1Q50Y9cXWlkNEG6gJfUP1e,DEAMN,spotify:album:7IlO51zPDE9f2u1yWrwI00,Save Me (Deluxe),spotify:artist:1Q50Y9cXWlkNEG6gJfUP1e,DEAMN,2019-02-13,https://i.scdn.co/image/ab67616d0000b273efa8339764d6deafc45e078a,1,8,196571,https://p.scdn.co/mp3-preview/2d0a8f1c5bbd2c113cb93146bc6d26342f3e09f1?cid=9950ac751e34487dbbe027c4fd7f8e99,false,36,SE3OH1723848,,2024-03-22T07:10:48Z
spotify:track:3b5Li4QKDVBx1x7fQuu54a,Tired,"spotify:artist:7vk5e3vY1uw9plTHJAMwjN, spotify:artist:25tMQOrIU4LlUo6Sv8v5SE","Alan Walker, Gavin James",spotify:album:1q1ayQAYMOacFE2fkXbkv2,Tired,"spotify:artist:7vk5e3vY1uw9plTHJAMwjN, spotify:artist:25tMQOrIU4LlUo6Sv8v5SE","Alan Walker, Gavin James",2017-05-19,https://i.scdn.co/image/ab67616d0000b273c311619d7b02d5c4a6c167f2,1,1,192111,https://p.scdn.co/mp3-preview/ef53f0be45acde9dc35092f56f2eba51808c4412?cid=9950ac751e34487dbbe027c4fd7f8e99,false,60,NOG841708010,,2024-03-22T06:32:30Z
spotify:track:0419lF6fTsZUUCC196N5uo,Never Been to Spain - Spada Remix Edit,spotify:artist:41WPcAIdEkYBBn9lfiD6us,Jessica Hart,spotify:album:1FsDfm2jTsPtrfg8Lg1vfn,Never Been to Spain (Remixes),spotify:artist:41WPcAIdEkYBBn9lfiD6us,Jessica Hart,2017-03-17,https://i.scdn.co/image/ab67616d0000b273343b529e7d4177696a7e261f,1,3,165000,https://p.scdn.co/mp3-preview/5dc06ff0028fa5e3220e3da102d65d2e8bc44d3b?cid=9950ac751e34487dbbe027c4fd7f8e99,false,0,CABWG1700003,,2024-03-22T06:16:35Z
spotify:track:0x4GHzCjY5MGQ960CHnVHz,In My Blood,spotify:artist:1dIdBZaaHRW2bDTkHNfWln,The Veronicas,spotify:album:6jzir5maJG4oVMFNrTLrJI,In My Blood,spotify:artist:1dIdBZaaHRW2bDTkHNfWln,The Veronicas,2016-06-10,https://i.scdn.co/image/ab67616d0000b2736e78e95f930644cdf8e5ba87,1,1,200480,https://p.scdn.co/mp3-preview/ba239d9a1a3a102a4ca937e4cceedc772eb69ed8?cid=9950ac751e34487dbbe027c4fd7f8e99,false,43,AUBM01600174,,2024-03-12T07:42:05Z
spotify:track:2jVKuVgnbDolBMV4SOrOXo,Deep End,"spotify:artist:6XfxrlXxNCk5pI7eaXQO2L, spotify:artist:5IvpqVHDN7PSlh0AA2XviR","LU2VYK, Madison Gold",spotify:album:5Z3ojfE7BoU7te57OhdUox,Deep Memories,spotify:artist:6XfxrlXxNCk5pI7eaXQO2L,LU2VYK,2019-09-13,https://i.scdn.co/image/ab67616d0000b27397c2c386925a0cf1a014c725,1,9,217015,https://p.scdn.co/mp3-preview/21c533f6192c4cb33cca2fcbb19d07f6e2ffd278?cid=9950ac751e34487dbbe027c4fd7f8e99,false,26,TCACS1622590,,2024-03-12T07:36:08Z
spotify:track:7kAYyzVhWr3nSqAC7CUOWK,Catch My Breath,spotify:artist:3BmGtnKgCSGYIUhmivXKWX,Kelly Clarkson,spotify:album:6XzBd9KZnt1B5tjKs0CPMC,Catch My Breath,spotify:artist:3BmGtnKgCSGYIUhmivXKWX,Kelly Clarkson,2012-10-15,https://i.scdn.co/image/ab67616d0000b2737c83a0d85d69a82c0cb652d5,1,1,251506,https://p.scdn.co/mp3-preview/99bf74678689ed9c2bcf1d7bd215c6c1df3da318?cid=9950ac751e34487dbbe027c4fd7f8e99,false,51,GBCTA1200205,,2024-03-12T07:29:44Z
spotify:track:47mKq5qwKC49xLQBY0FQBX,等下一个他,spotify:artist:32Ud87sl5EA5aFTDM8xdDP,习谱予,spotify:album:3OqO0thkSSNobNiqPDz4jl,习谱予,spotify:artist:6BMi9E449lfkoIqZPJGAfw,黄一,2019-07-19,https://i.scdn.co/image/ab67616d0000b27332848968ec46607dede90b51,1,2,222551,https://p.scdn.co/mp3-preview/26b326c8adee95aded6659e8c59ef4389bbf33a5?cid=9950ac751e34487dbbe027c4fd7f8e99,false,24,HKD012203698,,2024-03-12T07:29:13Z
spotify:track:1jspFjbQkp21v5kDx4V4jR,Downfalls,spotify:artist:0twOLSSglhVvipWIIgX4yM,Cally Rhodes,spotify:album:36hDV0tB3yuMKV8tIF90kj,Downfalls,spotify:artist:0twOLSSglhVvipWIIgX4yM,Cally Rhodes,2020-05-08,https://i.scdn.co/image/ab67616d0000b273b5b3b85c540779b3163b0275,1,1,190200,https://p.scdn.co/mp3-preview/def7bbb5195e80807b6e8ac2cefe7d166cfa7eb8?cid=9950ac751e34487dbbe027c4fd7f8e99,false,25,QM4TX2085617,,2024-03-12T07:28:57Z
spotify:track:22IGcQVGVUac2be2vINVnm,还是分开,spotify:artist:044Aper2QC56tnqonTq1vm,Leafy Zhang张叶蕾,spotify:album:2h7uTpKzC6sLfbRgrFktjk,还是分开,spotify:artist:044Aper2QC56tnqonTq1vm,Leafy Zhang张叶蕾,2017-03-06,https://i.scdn.co/image/ab67616d0000b27372bfcd46f8599df4c69f72d7,1,1,226741,https://p.scdn.co/mp3-preview/b3aaf18c9509eaf41ad05781d6b9fa537bc2adb3?cid=9950ac751e34487dbbe027c4fd7f8e99,false,44,FRX282263087,,2024-03-12T07:28:41Z
spotify:track:6cHQYmzBZt5SdkJ34HUh88,Find You,"spotify:artist:0wqZ6mvk4DfOvtQUVniOCX, spotify:artist:4R7ILGBgDWUiAT1kWNe90W","HIDDN, Beatrich",spotify:album:1cg5ILdE05HxdYWfHH9ddW,Find You,spotify:artist:0wqZ6mvk4DfOvtQUVniOCX,HIDDN,2017-02-24,https://i.scdn.co/image/ab67616d0000b2737192865891fc3bc63ef2f343,1,1,213500,https://p.scdn.co/mp3-preview/fe9fda26eb840dbf435d351ace1d34c7eaccefde?cid=9950ac751e34487dbbe027c4fd7f8e99,false,15,NLF711700825,,2024-03-12T07:28:01Z
spotify:track:59QVRLzAYdNiuOFCrR6tlh,Crime (with Skott),"spotify:artist:4lDBihdpMlOalxy1jkUbPl, spotify:artist:6J3RPKUwZlKMzh3vWa9wPc","Grey, Skott",spotify:album:6p7Uxsq9sa6o5MkOmw28ge,Crime (with Skott),"spotify:artist:4lDBihdpMlOalxy1jkUbPl, spotify:artist:6J3RPKUwZlKMzh3vWa9wPc","Grey, Skott",2017-09-08,https://i.scdn.co/image/ab67616d0000b2735da85c78814142c96db8cced,1,1,175362,https://p.scdn.co/mp3-preview/cfd85f7255ec5d7d6550f037252ad7ab0c8f8ae7?cid=9950ac751e34487dbbe027c4fd7f8e99,false,33,QMUY41700197,,2024-03-12T06:29:37Z
spotify:track:5rOfT9jn36dDFqpfTSeDyn,Hold On To You - Extended Mix,"spotify:artist:0XZkeCAlpiO5qcIlAJzZaA, spotify:artist:1bZhxzq9mhYkPf0wdxGko9","Omnia, Danyka Nadeau",spotify:album:40gdzDmdDgYo29FEhdbu3Y,Hold On To You,"spotify:artist:0XZkeCAlpiO5qcIlAJzZaA, spotify:artist:1bZhxzq9mhYkPf0wdxGko9","Omnia, Danyka Nadeau",2017-06-30,https://i.scdn.co/image/ab67616d0000b27386265aff1616f4de456f9fdd,1,2,297508,https://p.scdn.co/mp3-preview/3b4b865c2ab7c01fd3c1bd38440d5dde46dc9c89?cid=9950ac751e34487dbbe027c4fd7f8e99,false,27,NLF711705353,,2024-03-12T05:53:28Z
spotify:track:5Ormcdpk9HXgPyTmEH8LQ1,Watching the Storm,spotify:artist:5Js8zUcr9OCEyoWjw3joxY,U137,spotify:album:4dp33vx7vWx93lxuxjNTz2,Dreamer on the Run,spotify:artist:5Js8zUcr9OCEyoWjw3joxY,U137,2013-08-20,https://i.scdn.co/image/ab67616d0000b2739cf6cb5b4daf381e62282857,1,2,307263,https://p.scdn.co/mp3-preview/41829321b9f761201fc2ded97d018a2ede0aea5d?cid=9950ac751e34487dbbe027c4fd7f8e99,false,39,US4KH1355202,,2024-03-12T05:47:44Z
spotify:track:720bDWggHx9KL3TzKZeM1c,Not Angry,spotify:artist:1PU4kQGbRVMSyvawEYEjFp,Chris James,spotify:album:00WXsdEqMzAAeBjAgdxjvD,Not Angry,spotify:artist:1PU4kQGbRVMSyvawEYEjFp,Chris James,2020-09-28,https://i.scdn.co/image/ab67616d0000b273c45b0756cde87e4d6378d1ca,1,1,199687,https://p.scdn.co/mp3-preview/eac3566dd16225d1f5372b1887ef44ace3a64b61?cid=9950ac751e34487dbbe027c4fd7f8e99,false,53,USL4Q2038947,,2024-03-12T05:45:39Z
spotify:track:1qDrWA6lyx8cLECdZE7TV7,Somebody That I Used To Know,"spotify:artist:2AsusXITU8P25dlRNhcAbG, spotify:artist:6hk7Yq1DU9QcCCrz9uc0Ti","Gotye, Kimbra",spotify:album:4G2rJNhsKOE6iHgtUqZ0Ye,Making Mirrors,spotify:artist:2AsusXITU8P25dlRNhcAbG,Gotye,2011-01-01,https://i.scdn.co/image/ab67616d0000b2738ac5768205ad97df3f4f4c0e,1,3,244884,,false,80,AUZS21100040,,2024-02-04T08:19:59Z
spotify:track:03UrZgTINDqvnUMbbIMhql,Gangnam Style (강남스타일),spotify:artist:2dd5mrQZvg6SmahdgVKDzh,PSY,spotify:album:0ZjxizLeMyFEjR27JIvD99,Gangnam Style (강남스타일),spotify:artist:2dd5mrQZvg6SmahdgVKDzh,PSY,2012-01-01,https://i.scdn.co/image/ab67616d0000b2736cfc57e5358c5e39e79bccbd,1,1,219493,,false,75,USUM71210283,,2024-02-04T08:19:41Z
spotify:track:32OlwWuMpZ6b0aN2RZOeMS,Uptown Funk (feat. Bruno Mars),"spotify:artist:3hv9jJF3adDNsBSIQDqcjp, spotify:artist:0du5cEVh5yTK9QJze8zA0C","Mark Ronson, Bruno Mars",spotify:album:3vLaOYCNCzngDf8QdBg2V1,Uptown Special,spotify:artist:3hv9jJF3adDNsBSIQDqcjp,Mark Ronson,2015-01-12,https://i.scdn.co/image/ab67616d0000b273e419ccba0baa8bd3f3d7abf2,1,4,269666,https://p.scdn.co/mp3-preview/3074e956e6794c0eadea660b9cef671db6b27234?cid=9950ac751e34487dbbe027c4fd7f8e99,false,84,GBARL1401524,,2024-02-04T08:18:03Z
spotify:track:2JzZzZUQj3Qff7wapcbKjc,See You Again (feat. Charlie Puth),"spotify:artist:137W8MRPWKqSmrBGDBFSop, spotify:artist:6VuMaDnrHyPL1p4EHjYLi7","Wiz Khalifa, Charlie Puth",spotify:album:5FXIqS1XqbpfOKNoi5VUwS,See You Again (feat. Charlie Puth),"spotify:artist:137W8MRPWKqSmrBGDBFSop, spotify:artist:6VuMaDnrHyPL1p4EHjYLi7","Wiz Khalifa, Charlie Puth",2015,https://i.scdn.co/image/ab67616d0000b2734e5df11b17b2727da2b718d8,1,1,229525,https://p.scdn.co/mp3-preview/69c2ac6f1501e5c8bc6970273da5d06fb97a2e76?cid=9950ac751e34487dbbe027c4fd7f8e99,false,82,USAT21703595,,2024-02-04T08:17:46Z
spotify:track:6rZkPZKIIHKAa4xeQO5C1P,Wake Me Up,spotify:artist:0NxhAEPOSeCg6vypFr7yjU,Madilyn Bailey,spotify:album:693vPwbzs1gki9REOnsck5,"The Covers, Vol. 6",spotify:artist:0NxhAEPOSeCg6vypFr7yjU,Madilyn Bailey,2013-09-13,https://i.scdn.co/image/ab67616d0000b273c8ece44aacd0cddd021f2d7c,1,1,211960,https://p.scdn.co/mp3-preview/45e7ca693f2e922d7a8a5a0a873cced2f1a9ec8e?cid=9950ac751e34487dbbe027c4fd7f8e99,false,36,TCABQ1358945,,2024-02-04T08:17:37Z
spotify:track:5fj7OHfQVcmUL0GtEY0Gj2,Weekend (feat. Lisa de Novo),"spotify:artist:6fEZjgt9MHR4Hp3MiBRZHX, spotify:artist:6cNqeq9WTbd9xIbV2Yywpq, spotify:artist:1KeL5ceE81bdcNF0s3Z7MH","Itro, Smk, Lisa De Novo",spotify:album:72addtMaxzFo0SXRjrOtqg,Weekend (feat. Lisa de Novo),"spotify:artist:6fEZjgt9MHR4Hp3MiBRZHX, spotify:artist:6cNqeq9WTbd9xIbV2Yywpq","Itro, Smk",2015-07-02,https://i.scdn.co/image/ab67616d0000b273e127f8dbb3bd97b3f262ed70,1,1,299702,https://p.scdn.co/mp3-preview/48d1df9d3afe942735a7233a7858eb1170120e2e?cid=9950ac751e34487dbbe027c4fd7f8e99,false,13,GB-SMU-21-94637,,2024-02-04T08:11:17Z
spotify:track:3ebXMykcMXOcLeJ9xZ17XH,Scared to Be Lonely,"spotify:artist:60d24wfXkVzDSfLS6hyCjZ, spotify:artist:6M2wZ9GZgrQXHCFfjv46we","Martin Garrix, Dua Lipa",spotify:album:2v9rQe4F8fVSh5v8bAq0jF,Scared to Be Lonely,"spotify:artist:60d24wfXkVzDSfLS6hyCjZ, spotify:artist:6M2wZ9GZgrQXHCFfjv46we","Martin Garrix, Dua Lipa",2017-01-27,https://i.scdn.co/image/ab67616d0000b27364f8a309aa3c0a66a31fc374,1,1,220883,https://p.scdn.co/mp3-preview/49e6a27ef1e85764d5758ae6238f003601a53d7d?cid=9950ac751e34487dbbe027c4fd7f8e99,false,76,NLM5S1600025,,2024-02-04T08:09:59Z
spotify:track:6HZ9VeI5IRFCNQLXhpF4bq,I Love It (feat. Charli XCX),"spotify:artist:1VBflYyxBhnDc9uVib98rw, spotify:artist:25uiPmTg16RbhZWAqwLBy5","Icona Pop, Charli xcx",spotify:album:59ZxtwIOD1wowkNvVHXqtP,THIS IS... ICONA POP,spotify:artist:1VBflYyxBhnDc9uVib98rw,Icona Pop,2013-08-23,https://i.scdn.co/image/ab67616d0000b27369d05d032251b59ae738096a,1,1,157152,https://p.scdn.co/mp3-preview/708b8104ff0f157b4682c0c94c15d1cc46e434d5?cid=9950ac751e34487dbbe027c4fd7f8e99,true,75,SEWEE1200301,,2024-02-04T07:53:19Z
spotify:track:35OsWv6XBj3ZvAejnnPSZT,Take Me Hand,"spotify:artist:01HEACGPo5xyiXgAJKEvxQ, spotify:artist:4mVQMbJAHOazLrBmgpgB8M","Daishi Dance, Cécile Corbel",spotify:album:17bGlulmapVSGkvsHhqMmn,Take Me Hand,spotify:artist:01HEACGPo5xyiXgAJKEvxQ,Daishi Dance,2012-11-14,https://i.scdn.co/image/ab67616d0000b273acbb93ff4b6548570612d909,1,1,259480,https://p.scdn.co/mp3-preview/cfcc49b0b35d67eb81bc8be07138f7818252e73f?cid=9950ac751e34487dbbe027c4fd7f8e99,false,51,FRX452024549,,2024-02-04T07:44:13Z
spotify:track:1r299qCKBLgUS9XJ9m1kEx,Moves Like Jagger,"spotify:artist:04gDigrS5kc9YWfZHwBETP, spotify:artist:1l7ZsJRRS8wlW3WfJfPfNS","Maroon 5, Christina Aguilera",spotify:album:5NdkVAsSvgUfe3cD8LwSTD,Singles,spotify:artist:04gDigrS5kc9YWfZHwBETP,Maroon 5,2015-09-25,https://i.scdn.co/image/ab67616d0000b273c5e1cecaedcd413599e4e866,1,5,202640,,false,69,USUM71109132,,2024-02-04T07:43:31Z
spotify:track:4QNpBfC0zvjKqPJcyqBy9W,Give Me Everything (feat. Nayer),"spotify:artist:0TnOYISbd1XYRBk9myaseg, spotify:artist:4D75GcNG95ebPtNvoNVXhz, spotify:artist:21E3waRsmPlU7jZsS13rcj, spotify:artist:1ruutHJcECI7cos2n5TqpO","Pitbull, AFROJACK, Ne-Yo, Nayer",spotify:album:4rG0MhkU6UojACJxkMHIXB,Planet Pit (Deluxe Version),spotify:artist:0TnOYISbd1XYRBk9myaseg,Pitbull,2011-06-17,https://i.scdn.co/image/ab67616d0000b2731dc7483a9fcfce54822a2f19,1,2,252306,https://p.scdn.co/mp3-preview/6eafa4293d2b35b2e75ffab5ec1bba8ec00d5082?cid=9950ac751e34487dbbe027c4fd7f8e99,false,86,USJAY1100032,,2024-02-04T07:43:10Z
spotify:track:2t8UoPFVXCRZulscbwv0QL,We Will Rock You - Movie Mix,spotify:artist:1dfeR4HaWDbWqFHLkxsg1d,Queen,spotify:album:6i6folBtxKV28WX3msQ4FE,Bohemian Rhapsody (The Original Soundtrack),spotify:artist:1dfeR4HaWDbWqFHLkxsg1d,Queen,2018-10-19,https://i.scdn.co/image/ab67616d0000b273e8b066f70c206551210d902b,1,11,129093,,false,50,GBUM71805976,,2024-02-04T07:42:43Z
spotify:track:3z8h0TU7ReDPLIbEnYhWZb,Bohemian Rhapsody,spotify:artist:1dfeR4HaWDbWqFHLkxsg1d,Queen,spotify:album:6i6folBtxKV28WX3msQ4FE,Bohemian Rhapsody (The Original Soundtrack),spotify:artist:1dfeR4HaWDbWqFHLkxsg1d,Queen,2018-10-19,https://i.scdn.co/image/ab67616d0000b273e8b066f70c206551210d902b,1,7,354947,,false,73,GBUM71029604,,2024-02-04T07:42:21Z
spotify:track:0vg4WnUWvze6pBOJDTq99k,You're Beautiful,spotify:artist:7KMqksf0UMdyA0UCf4R3ux,James Blunt,spotify:album:1ekaxA9Q5GzUPCepx4wzMF,Back to Bedlam,spotify:artist:7KMqksf0UMdyA0UCf4R3ux,James Blunt,2005-08-08,https://i.scdn.co/image/ab67616d0000b273105f043a4f470cf58cc01ccf,1,2,209493,https://p.scdn.co/mp3-preview/98c6db960673dd8b3ea13eb082ae6c25679600ce?cid=9950ac751e34487dbbe027c4fd7f8e99,true,75,USAT20401588,,2024-02-04T07:41:49Z
spotify:track:2fTsFCKRFQ5M0igJgabnLA,Price Tag,"spotify:artist:2gsggkzM5R49q6jpPvazou, spotify:artist:5ndkK3dpZLKtBklKjxNQwT","Jessie J, B.o.B",spotify:album:0BZbTNqpXFg6lxNv78X7Lp,Who You Are (Platinum Edition),spotify:artist:2gsggkzM5R49q6jpPvazou,Jessie J,2011-01-01,https://i.scdn.co/image/ab67616d0000b2737805aebd5a39023d553ada3a,1,1,223053,,false,76,USUM71029357,,2024-02-04T07:30:26Z
spotify:track:6brl7bwOHmGFkNw3MBqssT,So Sick,spotify:artist:21E3waRsmPlU7jZsS13rcj,Ne-Yo,spotify:album:6gkwOLmk0ALMOjWs5WhAEr,In My Own Words,spotify:artist:21E3waRsmPlU7jZsS13rcj,Ne-Yo,2006-01-01,https://i.scdn.co/image/ab67616d0000b273987a1825341694ec9bc62457,1,3,207186,,false,79,USUM70501633,,2024-02-04T07:30:08Z
spotify:track:0FS7B5o3QyvOD8eWjnbLoO,Run Away With Me,spotify:artist:6sFIWsNpZYqfjUpaCgueju,Carly Rae Jepsen,spotify:album:2oj3FG6fos7zAQJxLQGzou,Emotion (Deluxe Expanded Edition),spotify:artist:6sFIWsNpZYqfjUpaCgueju,Carly Rae Jepsen,2015-08-21,https://i.scdn.co/image/ab67616d0000b2735708b3925c13b1b8d6fac466,1,1,251327,,false,63,USUM71507009,,2024-01-06T06:18:35Z
spotify:track:360UM2DaiHZPRu0EsrOvMp,If We Ever Meet Again (Featuring Katy Perry),"spotify:artist:5Y5TRrQiqgUO4S36tzjIRZ, spotify:artist:6jJ0s89eD6GaHleKKya26X","Timbaland, Katy Perry",spotify:album:5FK6borHO8QcztXhXCPn5H,Shock Value II,spotify:artist:5Y5TRrQiqgUO4S36tzjIRZ,Timbaland,2009-01-01,https://i.scdn.co/image/ab67616d0000b27384dfebb7e9c44520e69482de,1,9,292706,,false,68,USUM70913828,,2024-01-06T06:02:04Z
spotify:track:2TjnCxxQRYn56Ye8gkUKiW,Desperado - 2013 Remaster,spotify:artist:0ECwFtbIWEVNwjlrfc6xoL,Eagles,spotify:album:09WBxbis5Sixt01FVMs8UM,Desperado (2013 Remaster),spotify:artist:0ECwFtbIWEVNwjlrfc6xoL,Eagles,1973-04-17,https://i.scdn.co/image/ab67616d0000b2732d73b1bb77cee09f0278be04,1,5,213712,https://p.scdn.co/mp3-preview/4aefef1e5008470e7d74ba3c2730b69e1b238959?cid=9950ac751e34487dbbe027c4fd7f8e99,false,67,USEE11300307,,2024-01-10T09:27:33Z
spotify:track:0ug5NqcwcFR2xrfTkc7k8e,Style,spotify:artist:06HL4z0CvFAxyc27GXpf02,Taylor Swift,spotify:album:1yGbNOtRIgdIiGHOEBaZWf,1989 (Deluxe),spotify:artist:06HL4z0CvFAxyc27GXpf02,Taylor Swift,2014-01-01,https://i.scdn.co/image/ab67616d0000b27352b2a3824413eefe9e33817a,1,3,231000,,false,83,USCJY1431319,,2024-01-11T08:12:34Z
spotify:track:7MmG8p0F9N3C4AXdK6o6Eb,Outside (feat. Ellie Goulding),"spotify:artist:7CajNmpbOovFoOoasH2HaY, spotify:artist:0X2BH1fck6amBIoJhDVmmJ","Calvin Harris, Ellie Goulding",spotify:album:48zisMeiXniWLzOQghbPqS,Motion,spotify:artist:7CajNmpbOovFoOoasH2HaY,Calvin Harris,2014-10-31,https://i.scdn.co/image/ab67616d0000b2738fba5806a323efd272677c4d,1,6,227266,https://p.scdn.co/mp3-preview/bb032e25471de6482ac8200e690bb1433d3166ce?cid=9950ac751e34487dbbe027c4fd7f8e99,false,85,GBARL1401201,,2024-01-11T08:01:20Z
spotify:track:6rmXhRIemCTPyMYZRDN7Qg,Black Magic,spotify:artist:3e7awlrlDSwF3iM0WBjGMp,Little Mix,spotify:album:2FnfZiFMv7bmXAIATOJDHs,Get Weird (Expanded Edition),spotify:artist:3e7awlrlDSwF3iM0WBjGMp,Little Mix,2015-11-06,https://i.scdn.co/image/ab67616d0000b273995994477ea1ae8097978bf8,1,1,211786,https://p.scdn.co/mp3-preview/f88e620112e99ec23639ee2262b9aa82c93ac168?cid=9950ac751e34487dbbe027c4fd7f8e99,false,76,GBHMU1500046,,2024-01-12T06:53:09Z
spotify:track:4nVBt6MZDDP6tRVdQTgxJg,Story of My Life,spotify:artist:4AK6F7OLvEQ5QYCBNiQWHq,One Direction,spotify:album:7p1fX8aUySrBdx4WSYspOu,Midnight Memories (Deluxe),spotify:artist:4AK6F7OLvEQ5QYCBNiQWHq,One Direction,2013-11-25,https://i.scdn.co/image/ab67616d0000b2732f76b797c382bedcafdf45e1,1,2,245493,https://p.scdn.co/mp3-preview/9c3f89f926a702034ae182e723b2d601c2bd754d?cid=9950ac751e34487dbbe027c4fd7f8e99,false,84,GBHMU1300210,,2024-01-12T06:44:49Z
spotify:track:2z4U9d5OAA4YLNXoCgioxo,What the Hell,spotify:artist:0p4nmQO2msCgU4IF37Wi3j,Avril Lavigne,spotify:album:1COPJyU2PpM2Itcob3vhFF,Goodbye Lullaby (Expanded Edition),spotify:artist:0p4nmQO2msCgU4IF37Wi3j,Avril Lavigne,2011-03-08,https://i.scdn.co/image/ab67616d0000b27372c9f7a7c75eba39726106a6,1,2,220706,https://p.scdn.co/mp3-preview/8c0591b363bc2a165eb4f12829a1995e0b84d5fb?cid=9950ac751e34487dbbe027c4fd7f8e99,false,76,USRC11000915,,2024-01-12T06:18:24Z
spotify:track:2vwlzO0Qp8kfEtzTsCXfyE,Wrecking Ball,spotify:artist:5YGY8feqx7naU7z4HrwZM6,Miley Cyrus,spotify:album:3RDqXDc1bAETps54MSSOW0,Bangerz (Deluxe Version),spotify:artist:5YGY8feqx7naU7z4HrwZM6,Miley Cyrus,2013-10-04,https://i.scdn.co/image/ab67616d0000b2736b18d0490878750cd69abf2c,1,6,221360,https://p.scdn.co/mp3-preview/e174e5edd688f7ae112ce20b83741e28367d37b8?cid=9950ac751e34487dbbe027c4fd7f8e99,false,80,USRC11301214,,2024-01-12T05:58:30Z
spotify:track:0VwNdo84DaVYLIkbVO86ND,We Are Never Ever Getting Back Together,spotify:artist:06HL4z0CvFAxyc27GXpf02,Taylor Swift,spotify:album:4jTYApZPMapg56gRycOn0D,Red (Big Machine Radio Release Special),spotify:artist:06HL4z0CvFAxyc27GXpf02,Taylor Swift,2012-10-22,https://i.scdn.co/image/ab67616d0000b2731c248e90c3e569f90aef9dec,1,16,193146,,false,71,USCJY1231018,,2024-01-12T05:54:49Z
spotify:track:4kbj5MwxO1bq9wjT5g9HaA,Shut Up and Dance,spotify:artist:6DIS6PRrLS3wbnZsf7vYic,WALK THE MOON,spotify:album:3mNoFlD1wsoXfkljfFzExT,TALKING IS HARD,spotify:artist:6DIS6PRrLS3wbnZsf7vYic,WALK THE MOON,2014-12-02,https://i.scdn.co/image/ab67616d0000b27343294cfa2688055c9d821bf3,1,3,199080,https://p.scdn.co/mp3-preview/4309fadd9a0d573c1fafcca507e024b3bb51266b?cid=9950ac751e34487dbbe027c4fd7f8e99,false,83,USRC11401949,,2024-01-15T09:30:30Z
spotify:track:00Mb3DuaIH1kjrwOku9CGU,Sk8er Boi,spotify:artist:0p4nmQO2msCgU4IF37Wi3j,Avril Lavigne,spotify:album:3zXjR3y2dUWklKmmp6lEhy,Let Go,spotify:artist:0p4nmQO2msCgU4IF37Wi3j,Avril Lavigne,2002-06-04,https://i.scdn.co/image/ab67616d0000b273f7ec724fbf97a30869d06240,1,3,204000,https://p.scdn.co/mp3-preview/7891901b2270cc8ef724f64db5bb97be081329d6?cid=9950ac751e34487dbbe027c4fd7f8e99,false,78,USAR10200229,,2024-01-15T09:19:57Z
spotify:track:5d6Mjuu2uCGRPYpFjGpCX5,Sugar,spotify:artist:04gDigrS5kc9YWfZHwBETP,Maroon 5,spotify:album:6LtzdMGhOCh9s6sssWrpuD,V (Asia Tour Edition),spotify:artist:04gDigrS5kc9YWfZHwBETP,Maroon 5,2015-05-18,https://i.scdn.co/image/ab67616d0000b27337677af5b4f23fe9dc8a3c04,1,5,235493,,true,70,USUM71410340,,2024-01-15T09:08:42Z
spotify:track:4w1lzcaoZ1IC2K5TwjalRP,A Thousand Miles,spotify:artist:5ILrArfIV0tMURcHJN8Q07,Vanessa Carlton,spotify:album:5e7T2qUigzt0oIr50KsOld,Be Not Nobody,spotify:artist:5ILrArfIV0tMURcHJN8Q07,Vanessa Carlton,2002-04-30,https://i.scdn.co/image/ab67616d0000b273bc3ada3a19bb4e657f10917e,1,3,237493,,false,78,USIR10210955,,2024-01-15T09:01:33Z
spotify:track:7EQGXaVSyEDsCWKmUcfpLk,Die Young,spotify:artist:6LqNN22kT3074XbTVUrhzX,Kesha,spotify:album:5ZQB1ZQ2Yx9YT3nZlR2Pgu,Warrior (Expanded Edition),spotify:artist:6LqNN22kT3074XbTVUrhzX,Kesha,2012-11-30,https://i.scdn.co/image/ab67616d0000b273a61ba823186287ee1681bc7e,1,2,211920,https://p.scdn.co/mp3-preview/237e17c6319aa02a1fde3ebcd89c5e5e3e03dbf8?cid=9950ac751e34487dbbe027c4fd7f8e99,false,80,USRC11201008,,2024-01-15T08:38:50Z
spotify:track:5xEM5hIgJ1jjgcEBfpkt2F,Complicated,spotify:artist:0p4nmQO2msCgU4IF37Wi3j,Avril Lavigne,spotify:album:3zXjR3y2dUWklKmmp6lEhy,Let Go,spotify:artist:0p4nmQO2msCgU4IF37Wi3j,Avril Lavigne,2002-06-04,https://i.scdn.co/image/ab67616d0000b273f7ec724fbf97a30869d06240,1,2,244506,https://p.scdn.co/mp3-preview/34657059f6a40050f96e3cbf3d929aa595f5dd60?cid=9950ac751e34487dbbe027c4fd7f8e99,false,83,USAR10200223,,2024-01-15T08:23:43Z
spotify:track:22PMfvdz35fFKYnJyMn077,Marry You,spotify:artist:0du5cEVh5yTK9QJze8zA0C,Bruno Mars,spotify:album:1uyf3l2d4XYwiEqAb7t7fX,Doo-Wops & Hooligans,spotify:artist:0du5cEVh5yTK9QJze8zA0C,Bruno Mars,2010-05-11,https://i.scdn.co/image/ab67616d0000b273f6b55ca93bd33211227b502b,1,6,230192,https://p.scdn.co/mp3-preview/6747a3674ec0b24ab9067972bb19291c3048a8d2?cid=9950ac751e34487dbbe027c4fd7f8e99,false,77,USAT21001887,,2024-01-15T08:02:40Z
spotify:track:36phXHOKx8rO7CMp2vNX4x,Love Myself,spotify:artist:5p7f24Rk5HkUZsaS3BLG5F,Hailee Steinfeld,spotify:album:1ABRc0UFHY3x6rKQeFBTQ0,HAIZ,spotify:artist:5p7f24Rk5HkUZsaS3BLG5F,Hailee Steinfeld,2016-02-26,https://i.scdn.co/image/ab67616d0000b273a923f5d2fed06c911c788306,1,1,218773,,false,69,USUM71510716,,2024-01-16T07:48:43Z
spotify:track:0ErK6K0kYr0Ow2RkPMhmMs,Shout Out to My Ex,spotify:artist:3e7awlrlDSwF3iM0WBjGMp,Little Mix,spotify:album:4w49hcqZt66HZX0MJHfW0m,Glory Days (Expanded Edition),spotify:artist:3e7awlrlDSwF3iM0WBjGMp,Little Mix,2016-11-18,https://i.scdn.co/image/ab67616d0000b2733042c53026e29faf3a21c9f9,1,1,246240,https://p.scdn.co/mp3-preview/ff077b05e0922a9196c2a9d14dce28edee3ab70f?cid=9950ac751e34487dbbe027c4fd7f8e99,false,72,GBHMU1600060,,2024-01-16T07:38:19Z
spotify:track:5lF0pHbsJ0QqyIrLweHJPW,Burn,spotify:artist:0X2BH1fck6amBIoJhDVmmJ,Ellie Goulding,spotify:album:1gKVOJVxDTqw9IaCbKaYd4,Halcyon Nights,spotify:artist:0X2BH1fck6amBIoJhDVmmJ,Ellie Goulding,2012-10-12,https://i.scdn.co/image/ab67616d0000b273a8f674745d4e6757a9b35ba0,2,1,231213,,false,75,GBUM71303482,,2024-01-16T07:17:43Z
spotify:track:6br39bRzXUNsbJtIMnQbXb,Gimmie Love,spotify:artist:6sFIWsNpZYqfjUpaCgueju,Carly Rae Jepsen,spotify:album:2oj3FG6fos7zAQJxLQGzou,Emotion (Deluxe Expanded Edition),spotify:artist:6sFIWsNpZYqfjUpaCgueju,Carly Rae Jepsen,2015-08-21,https://i.scdn.co/image/ab67616d0000b2735708b3925c13b1b8d6fac466,1,4,202232,,false,48,USUM71507025,,2024-01-16T07:12:22Z
spotify:track:4Dm32oO01YpIubCHaAtKkN,My Life Would Suck Without You,spotify:artist:3BmGtnKgCSGYIUhmivXKWX,Kelly Clarkson,spotify:album:4h8seeFAi6iYhslcWIxTSG,All I Ever Wanted,spotify:artist:3BmGtnKgCSGYIUhmivXKWX,Kelly Clarkson,2009-03-06,https://i.scdn.co/image/ab67616d0000b2737ed87984e7f39ba42ee1b50a,1,1,211493,https://p.scdn.co/mp3-preview/d497b49b34a981de01a35f98f6696002ac0955a8?cid=9950ac751e34487dbbe027c4fd7f8e99,false,67,GBCTA0800348,,2024-01-16T06:54:54Z
spotify:track:0azC730Exh71aQlOt9Zj3y,This Is What You Came For,"spotify:artist:7CajNmpbOovFoOoasH2HaY, spotify:artist:5pKCCKE2ajJHZ9KAiaK11H","Calvin Harris, Rihanna",spotify:album:3pEgGUv379EDinvg1TN7Kt,This Is What You Came For,"spotify:artist:7CajNmpbOovFoOoasH2HaY, spotify:artist:5pKCCKE2ajJHZ9KAiaK11H","Calvin Harris, Rihanna",2016-04-29,https://i.scdn.co/image/ab67616d0000b273d9aa52355e062f5de060adbf,1,1,222160,https://p.scdn.co/mp3-preview/14138fec09bb5940b1ee11c3207663906970cf9b?cid=9950ac751e34487dbbe027c4fd7f8e99,false,78,GBARL1600460,,2024-01-16T06:33:52Z
spotify:track:4bia7OWZPoswlzXCqESYrR,Smile,spotify:artist:0p4nmQO2msCgU4IF37Wi3j,Avril Lavigne,spotify:album:1COPJyU2PpM2Itcob3vhFF,Goodbye Lullaby (Expanded Edition),spotify:artist:0p4nmQO2msCgU4IF37Wi3j,Avril Lavigne,2011-03-08,https://i.scdn.co/image/ab67616d0000b27372c9f7a7c75eba39726106a6,1,5,209520,https://p.scdn.co/mp3-preview/dd72aa330493576199c91ed34e13ed830929c94d?cid=9950ac751e34487dbbe027c4fd7f8e99,true,62,USRC11100011,,2024-01-17T07:57:44Z
spotify:track:7982sGZuvo5OXsY6REzgIn,Boom Clap,spotify:artist:25uiPmTg16RbhZWAqwLBy5,Charli xcx,spotify:album:62qlgaMyt18VgBtRCM29hd,SUCKER,spotify:artist:25uiPmTg16RbhZWAqwLBy5,Charli xcx,2014-12-15,https://i.scdn.co/image/ab67616d0000b273bd2a6280ed17f598d621d570,1,6,169866,https://p.scdn.co/mp3-preview/9ace654d50ca2e58e36cf23ec42c432196def289?cid=9950ac751e34487dbbe027c4fd7f8e99,false,68,GBAHS1400160,,2024-01-17T07:11:47Z
spotify:track:6YUTL4dYpB9xZO5qExPf05,Summer,spotify:artist:7CajNmpbOovFoOoasH2HaY,Calvin Harris,spotify:album:48zisMeiXniWLzOQghbPqS,Motion,spotify:artist:7CajNmpbOovFoOoasH2HaY,Calvin Harris,2014-10-31,https://i.scdn.co/image/ab67616d0000b2738fba5806a323efd272677c4d,1,8,222533,https://p.scdn.co/mp3-preview/f8877a2ec4963cb11fa2c282a18e9015f2e8bfad?cid=9950ac751e34487dbbe027c4fd7f8e99,false,84,GBARL1400296,,2024-01-17T07:07:33Z
spotify:track:1ZSleGniKMWNrWvK5cGALO,路過人間 (電視劇《我們與惡的距離》插曲),spotify:artist:75CM5fojYdKYD0xYSFh22Z,郁可唯,spotify:album:7hd795P01sAfMB5CtPPYUJ,路過人間,spotify:artist:75CM5fojYdKYD0xYSFh22Z,郁可唯,2019-05-03,https://i.scdn.co/image/ab67616d0000b27397ce551c624c594e17e3cc70,1,1,247132,https://p.scdn.co/mp3-preview/e91a47c05f387990ddfc3a2a5599b42b3e680b45?cid=9950ac751e34487dbbe027c4fd7f8e99,false,50,TWD951892102,,2024-01-29T16:29:30Z
spotify:track:6ZahaGPhyiXTi1pLEtGM6e,Sweet Little Lies,spotify:artist:5vBrKGOjN10BMwB0cJADj4,bülow,spotify:album:0qSNBMGUgtdmmP46p4DTwU,Sweet Little Lies,spotify:artist:5vBrKGOjN10BMwB0cJADj4,bülow,2019-02-22,https://i.scdn.co/image/ab67616d0000b273d2bb38e4abc36b70fd1ed197,1,1,175066,,true,51,CAUM71800310,,2024-02-23T09:03:23Z
spotify:track:2XClAjzrvZPZg1zW0v3aMV,When the Summer Ends,spotify:artist:2weMnYqCmtNUrSLAJq5dD8,Savoir Adore,spotify:album:7ubenlAXPtlwVmweQEH9dl,Full Bloom,spotify:artist:2weMnYqCmtNUrSLAJq5dD8,Savoir Adore,2019-04-05,https://i.scdn.co/image/ab67616d0000b27378b5bbb333cea84f3a132830,1,3,206520,https://p.scdn.co/mp3-preview/f487cd1c143accd130eeaa5d1901d4d4fb252c05?cid=9950ac751e34487dbbe027c4fd7f8e99,false,27,CAN111800176,,2024-02-23T09:03:02Z
spotify:track:3omHpz9fmngYFdHDRLGeRZ,In My Head,"spotify:artist:4FXGRMSHh2JjHxVwS8dhH1, spotify:artist:2uYisEeWBn5hp3e8ObdeUV","Virtual Riot, PRXZM",spotify:album:2dWOpnP0YpfsKioO0CiNtl,In My Head,"spotify:artist:4FXGRMSHh2JjHxVwS8dhH1, spotify:artist:2uYisEeWBn5hp3e8ObdeUV","Virtual Riot, PRXZM",2016-10-29,https://i.scdn.co/image/ab67616d0000b273af45b5354e740510bdeb3314,1,1,222352,https://p.scdn.co/mp3-preview/3d65df752db95d4b9296a70fba5effedd956ad36?cid=9950ac751e34487dbbe027c4fd7f8e99,false,36,FR96X1665957,,2024-02-23T09:02:42Z
spotify:track:3jZMolkuUf7vgGMhxQNEHn,Wildflower,spotify:artist:3ao4FTatILv1yqcbdwMf48,Ida Red,spotify:album:0BkdKN3mKc8nMyxoDeYaY9,Home,spotify:artist:3ao4FTatILv1yqcbdwMf48,Ida Red,2019-08-23,https://i.scdn.co/image/ab67616d0000b273f494bdf79fb00f7d8e7b1de1,1,3,178615,https://p.scdn.co/mp3-preview/6916559e1cb74a7696ce3767eff883d2d0bde09f?cid=9950ac751e34487dbbe027c4fd7f8e99,false,1,DKAZA1800038,,2024-02-23T09:02:22Z
spotify:track:5didTozjN3H35Cko0ILIta,Still Alive,spotify:artist:7d58WZ8qQHy2Sm5p52V2NP,Aperture Science Psychoacoustic Laboratories,spotify:album:3NJs73ZnPTH1qdfQ3TZ5TP,Portal 2: Songs to Test By (Original Game Soundtrack) [Collectors Edition],spotify:artist:7d58WZ8qQHy2Sm5p52V2NP,Aperture Science Psychoacoustic Laboratories,2012-10-30,https://i.scdn.co/image/ab67616d0000b2738fa6d979ea970e010fcb4ea9,4,12,177212,https://p.scdn.co/mp3-preview/a0d2871c79263efcd17c6d24cb38cec7dde74e4c?cid=9950ac751e34487dbbe027c4fd7f8e99,false,47,USA561361618,,2024-02-23T08:51:02Z
spotify:track:1vJRzwqXowednLpo1wE8Q6,Sweetie,spotify:artist:6sFIWsNpZYqfjUpaCgueju,Carly Rae Jepsen,spotify:album:6SSSF9Y6MiPdQoxqBptrR2,Kiss,spotify:artist:6sFIWsNpZYqfjUpaCgueju,Carly Rae Jepsen,2012-01-01,https://i.scdn.co/image/ab67616d0000b273d3ee4bf67c2ac2154006ad72,1,15,218240,,false,31,USUM71208969,,2024-02-23T08:50:49Z
spotify:track:6jq6rcOikCZAmjliAgAmfT,Light,spotify:artist:0jNDKefhfSbLR9sFvcPLHo,San Holo,spotify:album:4k2ygY7kW4n1eVtR2i0F0H,Light,spotify:artist:0jNDKefhfSbLR9sFvcPLHo,San Holo,2017-02-10,https://i.scdn.co/image/ab67616d0000b273a5c1582e2b2b087ee7862758,1,1,239853,https://p.scdn.co/mp3-preview/df4cd25e3fe93b489e81b0ace76cc112fedb0192?cid=9950ac751e34487dbbe027c4fd7f8e99,false,57,NLRD51630379,,2024-02-23T08:50:34Z
spotify:track:6uBhi9gBXWjanegOb2Phh0,Stay,"spotify:artist:2qxJFvFYMEDqd7ui6kSAcq, spotify:artist:2wUjUUtkb5lvLKcGKsKqsR","Zedd, Alessia Cara",spotify:album:1I4W7JKzYbl8VKRfD61DIS,Stay,"spotify:artist:2qxJFvFYMEDqd7ui6kSAcq, spotify:artist:2wUjUUtkb5lvLKcGKsKqsR","Zedd, Alessia Cara",2017-02-23,https://i.scdn.co/image/ab67616d0000b273b993cba8ff7d0a8e9ee18d46,1,1,210090,,false,76,USUM71700736,,2024-02-23T08:50:19Z
spotify:track:5AlH6FIXI0n9RRjNWbOamX,I Could Be the One,spotify:artist:2EfG2EoT8GFJrMiilbTVl2,Donna Lewis,spotify:album:33US8txe1sM9cRpCvp1vfI,Blue Planet,spotify:artist:2EfG2EoT8GFJrMiilbTVl2,Donna Lewis,1998-07-02,https://i.scdn.co/image/ab67616d0000b27318175be32d784767cc0ec552,1,2,226240,https://p.scdn.co/mp3-preview/19859775e70d536a7a3a3ea7ecaac8d075a64870?cid=9950ac751e34487dbbe027c4fd7f8e99,false,38,USAT29800540,,2024-02-23T08:50:05Z
spotify:track:3gfwFdHsTyuERKmXCbNlmo,Something in the Water,spotify:artist:1W2FTsCUlviVRhHNjZwWiN,Brooke Fraser,spotify:album:44jqZY3DRBmZE1tCrQScbT,A Sides,spotify:artist:1W2FTsCUlviVRhHNjZwWiN,Brooke Fraser,2016-11-25,https://i.scdn.co/image/ab67616d0000b27384174897ea081f0628a69203,1,1,183066,https://p.scdn.co/mp3-preview/c97213a83187cf5a24b01cdc160a3df6a4dbb7e0?cid=9950ac751e34487dbbe027c4fd7f8e99,false,21,NZSG01600087,,2024-02-23T08:49:46Z
spotify:track:1oQZk2bKBLgP1cbuFKvjkq,If I Were a Boy,spotify:artist:6vWDO969PvNqNYHIOW5v0m,Beyoncé,spotify:album:3ROfBX6lJLnCmaw1NrP5K9,I AM...SASHA FIERCE - Platinum Edition,spotify:artist:6vWDO969PvNqNYHIOW5v0m,Beyoncé,2008,https://i.scdn.co/image/ab67616d0000b273b4c5982e1b92f97a126fc18c,1,5,249866,https://p.scdn.co/mp3-preview/cf5a9b5f1b5c8a346c880021a363585066b93000?cid=9950ac751e34487dbbe027c4fd7f8e99,false,72,USSM10803202,,2024-02-23T08:49:25Z
spotify:track:4uoeDHQanb8lJ5lNGfaz69,Just the Same,spotify:artist:7LImGq5KnzQobZciDJpeJb,Charlotte Lawrence,spotify:album:5jk0iJx62iktQgPz7uoEUc,Just the Same,spotify:artist:7LImGq5KnzQobZciDJpeJb,Charlotte Lawrence,2018-01-26,https://i.scdn.co/image/ab67616d0000b273e7e0b7290335c21a25e04830,1,1,211871,https://p.scdn.co/mp3-preview/370018559e69ca798b1c4847f952e7f34ca11b2a?cid=9950ac751e34487dbbe027c4fd7f8e99,true,44,QM24S1705865,,2024-02-23T08:49:06Z
spotify:track:553GNiNqcudWfsF55RBDqz,雨愛,spotify:artist:0MEchSWR9pJvw1S5CV3Kuk,楊丞琳,spotify:album:6SH07iXCRCVUTYtHW5k8y8,雨愛,spotify:artist:0MEchSWR9pJvw1S5CV3Kuk,楊丞琳,2009-12-29,https://i.scdn.co/image/ab67616d0000b2737781cc488fb3aeca4a1c5a5c,1,1,261560,https://p.scdn.co/mp3-preview/0bbf0f22205afcd30b0a1102390547b6fc7e6ccc?cid=9950ac751e34487dbbe027c4fd7f8e99,false,59,TWA470915001,,2024-02-23T08:47:49Z
spotify:track:7iu9YFvRKRCM6O7NzfCKQW,信以为真,"spotify:artist:4jkXpEWzunLc5WnHSEiDMf, spotify:artist:2pSvmWKhxW0Ging0Vr8Dlg","羽泉, 尚雯婕",spotify:album:64569rfjhlAEk9odldE5Ce,非诚勿扰,spotify:artist:0LyfQWJT6nXafLPZqxe9Of,群星,2008-12-12,https://i.scdn.co/image/ab67616d0000b273c91bee2da49d68f9df6be140,1,10,288000,https://p.scdn.co/mp3-preview/3d516b1ba6e57c72c9f943513dab35769d23cb38?cid=9950ac751e34487dbbe027c4fd7f8e99,false,0,HKG731542966,,2024-02-23T08:47:33Z
spotify:track:4wCD0qOFNRu1Q6O3N6ycm4,Crush,spotify:artist:2C9n4tQgNLhHPhSCmdsQnk,David Archuleta,spotify:album:4aZ3Mf9Tza576UhJ9kjYd7,David Archuleta,spotify:artist:2C9n4tQgNLhHPhSCmdsQnk,David Archuleta,2008-11-11,https://i.scdn.co/image/ab67616d0000b273d6bb9dda881700d6cc2e1255,1,1,213520,https://p.scdn.co/mp3-preview/98ec5e65324cc98126772d2e4465d81c90ccc4e3?cid=9950ac751e34487dbbe027c4fd7f8e99,false,70,GBCTA0800201,,2024-02-23T08:46:58Z
spotify:track:1ZEOIhSn6BKErV59bIgn76,California Dreamin',spotify:artist:1bs7HoMkSyQwcobCpE9KpN,The Mamas & The Papas,spotify:album:6d9b6qTmzQ2WOOGB2cDCDq,All The Leaves Are Brown The Golden Era Collection,spotify:artist:1bs7HoMkSyQwcobCpE9KpN,The Mamas & The Papas,2001-08-28,https://i.scdn.co/image/ab67616d0000b273cbd56c3a8faf8cf8c8bea0df,1,7,160373,,false,73,USMC16532697,,2024-02-23T08:46:45Z
spotify:track:1wgeo3uQ7knGlA4wtN18lS,那么骄傲,spotify:artist:3HriwdcilCXRFF5zRa4qn1,金海心,spotify:album:2PLAldSlxQ7CI9TVN6iPF0,金海心 精选,spotify:artist:3HriwdcilCXRFF5zRa4qn1,金海心,2019-05-04,https://i.scdn.co/image/ab67616d0000b2733fe424b86ca18b65eb0b22a6,1,2,251054,https://p.scdn.co/mp3-preview/e948124cd2d60d377b9440990a44e4d13188ac5f?cid=9950ac751e34487dbbe027c4fd7f8e99,false,37,GBSMU6376143,,2024-02-23T08:46:18Z
spotify:track:1Sl3njkhhz8nrSPZroDQ82,Complicated (feat. Kiiara),"spotify:artist:73jBynjsVtofjRpdpRAJGk, spotify:artist:1Cs0zKBU1kc0i8ypK3B9ai, spotify:artist:2HkAI0YrEcgoR8QdaURqhO, spotify:artist:4u5smJBskI6Adzv08PuiUP","Dimitri Vegas & Like Mike, David Guetta, Dimitri Vegas, Kiiara",spotify:album:6SgTiW8a5BHFXbR03BteCd,Complicated (feat. Kiiara),"spotify:artist:73jBynjsVtofjRpdpRAJGk, spotify:artist:1Cs0zKBU1kc0i8ypK3B9ai, spotify:artist:2HkAI0YrEcgoR8QdaURqhO","Dimitri Vegas & Like Mike, David Guetta, Dimitri Vegas",2017-07-28,https://i.scdn.co/image/ab67616d0000b27305df880db084244f431803b4,1,1,184247,https://p.scdn.co/mp3-preview/cc5698dc7b7246fb6f73b1f9e5f17b5168f9b002?cid=9950ac751e34487dbbe027c4fd7f8e99,false,52,BEG851700001,,2024-02-23T08:45:58Z
spotify:track:7j56HrjR9cGzvekvZY3Faz,HandClap,spotify:artist:4AcHt3JxKy59IX7JNNlZn4,Fitz and The Tantrums,spotify:album:7HBKKw5pJLNj6mdRLb1KG3,Fitz and The Tantrums,spotify:artist:4AcHt3JxKy59IX7JNNlZn4,Fitz and The Tantrums,2016-06-10,https://i.scdn.co/image/ab67616d0000b27358c4833cc8b1a3d6e4890940,1,1,193253,https://p.scdn.co/mp3-preview/6bc5cfde31b861b439e14c746decb01fbc870c64?cid=9950ac751e34487dbbe027c4fd7f8e99,false,67,USAT21600408,,2024-02-23T08:45:04Z
spotify:track:4BKlUinuIllRwKce1DAY0P,Sweet Dreams (feat. Kaleena Zanders),"spotify:artist:53M4Iv2RkzzxFFvW2B1jhC, spotify:artist:3nAdmhth5AczU6YwCJOlYh, spotify:artist:0Sz2jslaxjcw2VM5zYh2jK","Breathe Carolina, Dropgun, Kaleena Zanders",spotify:album:4hureZJ08z9hnG2cmWZgR7,Sweet Dreams (feat. Kaleena Zanders),"spotify:artist:53M4Iv2RkzzxFFvW2B1jhC, spotify:artist:3nAdmhth5AczU6YwCJOlYh, spotify:artist:0Sz2jslaxjcw2VM5zYh2jK","Breathe Carolina, Dropgun, Kaleena Zanders",2018-05-04,https://i.scdn.co/image/ab67616d0000b273a97deeabdedefb3989f87604,1,1,159375,https://p.scdn.co/mp3-preview/92e091a5defd6adea449832e371f0e0623c1afb9?cid=9950ac751e34487dbbe027c4fd7f8e99,false,41,NLZ541800024,,2024-02-23T08:44:52Z
spotify:track:3xJK8ywApYVEYIDhymYMC6,遇見,spotify:artist:0SIXZXJCAhNU8sxK0qm7hn,孙燕姿,spotify:album:6CGJuQoWMkq1rmStrYbRzr,The Moment,spotify:artist:0SIXZXJCAhNU8sxK0qm7hn,孙燕姿,2003,https://i.scdn.co/image/ab67616d0000b273df729ce08f51ac7cbab07e39,1,2,209760,https://p.scdn.co/mp3-preview/92fc6a46fd0bf96878bee2083c9c6a0f0e0ce1a9?cid=9950ac751e34487dbbe027c4fd7f8e99,false,64,TWA530355702,,2024-02-23T08:44:14Z
spotify:track:6WoQzK5Exbfcmow1AoNRkl,可惜沒如果,spotify:artist:7Dx7RhX0mFuXhCOUgB01uM,林俊傑,spotify:album:4kXABOKrhJ2jKUNYGRQPr8,新地球,spotify:artist:7Dx7RhX0mFuXhCOUgB01uM,林俊傑,2014-12-27,https://i.scdn.co/image/ab67616d0000b273a5f5d2df443e110d9e1f2212,1,7,298293,https://p.scdn.co/mp3-preview/78102703f4b0b8b5be63d5d890e72808733a30a0?cid=9950ac751e34487dbbe027c4fd7f8e99,false,3,TWA531480007,,2024-02-23T08:44:00Z
spotify:track:0ztqey3VhIZ3WINFu8kCo1,Friendships,spotify:artist:0oXTS2yHUnuji1R7kc9J9a,Pascal Letoublon,spotify:album:1GGoTedkNWbIIDl91ny5YF,Friendships,spotify:artist:0oXTS2yHUnuji1R7kc9J9a,Pascal Letoublon,2017-09-05,https://i.scdn.co/image/ab67616d0000b273e3fad876a67c6c1249de6ac8,1,1,242015,https://p.scdn.co/mp3-preview/4894ac3f05296f1307842341742e105eeeeefddf?cid=9950ac751e34487dbbe027c4fd7f8e99,false,68,GBKQU1777771,,2024-02-23T08:43:44Z
spotify:track:4WfmHLocS4eopGTnFodbpK,人间不值得,spotify:artist:3nLaSmXwCPDiIMS20cPfqc,小白羊HUSH,spotify:album:3M1tqjndSdUT3HTB0vp9AQ,人间不值得,spotify:artist:3nLaSmXwCPDiIMS20cPfqc,小白羊HUSH,2018-05-15,https://i.scdn.co/image/ab67616d0000b273de05452c296642d7f8e33593,1,1,145145,https://p.scdn.co/mp3-preview/f3b0d3b0e17fc750e42b8d0f20539c1921a3b89b?cid=9950ac751e34487dbbe027c4fd7f8e99,false,3,HKG732138864,,2024-02-23T08:42:28Z
spotify:track:4x1hB3Yg01Aq6J6q0deS9M,逆光,spotify:artist:0SIXZXJCAhNU8sxK0qm7hn,孙燕姿,spotify:album:6mBrt99J1sFWMQ9LzPHLGw,逆光,spotify:artist:0SIXZXJCAhNU8sxK0qm7hn,孙燕姿,2007-05-02,https://i.scdn.co/image/ab67616d0000b2739c755259f0a6c845534961a2,1,2,294026,https://p.scdn.co/mp3-preview/64a43ce4a18ce64182e99dc6542043989714e09a?cid=9950ac751e34487dbbe027c4fd7f8e99,false,60,TWA270614001,,2024-02-23T08:41:30Z
spotify:track:0BqJyEqlCTtLU9OKnhJFXO,追梦赤子心,spotify:artist:3Mf90RF2pgS9TaqVDPX9UR,GALA,spotify:album:0Qml95Ia2zN9P0pjXxwOAc,追梦痴子心,spotify:artist:3Mf90RF2pgS9TaqVDPX9UR,GALA,2011-03-24,https://i.scdn.co/image/ab67616d0000b27328d39e1df6cc7c6dd97aaf9b,1,10,317386,https://p.scdn.co/mp3-preview/5e49557606516324f7fc648b47079b6983d42e0a?cid=9950ac751e34487dbbe027c4fd7f8e99,false,40,CNA501033310,,2024-02-23T08:41:15Z
spotify:track:5UAGQJmL7Rn4gn7wlkMyqS,再見,spotify:artist:7aRC4L63dBn3CiLDuWaLSI,鄧紫棋,spotify:album:1tEl9cDFkTKGmaRpZLB7zW,新的心跳,spotify:artist:7aRC4L63dBn3CiLDuWaLSI,鄧紫棋,2015-11-06,https://i.scdn.co/image/ab67616d0000b273a40897c721bbc3afded61669,1,2,206053,https://p.scdn.co/mp3-preview/8de1e25cace7ed0c1f8271a4bbf76b8ebef3f199?cid=9950ac751e34487dbbe027c4fd7f8e99,false,59,HKI111500006,,2024-02-23T08:41:04Z
spotify:track:5HnebbSIyCPkp81YMp3wHK,侧脸,spotify:artist:29lWjVuEiIclDu9uh8HBdG,于果,spotify:album:3nWoadyzKO4AZnS00hhuGY,侧脸,spotify:artist:29lWjVuEiIclDu9uh8HBdG,于果,2018-02-01,https://i.scdn.co/image/ab67616d0000b273a0cc90a5666a32cc0c3835a4,1,1,217846,https://p.scdn.co/mp3-preview/fb8da51dadefb298d131400f06e7a2cc74ecfa3b?cid=9950ac751e34487dbbe027c4fd7f8e99,false,46,HKG732319464,,2024-02-23T08:40:57Z
spotify:track:24TQIQpKJWp4isMbulvifs,蓝莲花,spotify:artist:3qObkSIVSfNNDL1vbwL2N2,许巍,spotify:album:0J2mLVFWRA2Kxi5cdHXZRC,"时光, 漫步",spotify:artist:3qObkSIVSfNNDL1vbwL2N2,许巍,2002,https://i.scdn.co/image/ab67616d0000b273d97620b214b8589055266e3a,1,4,270524,https://p.scdn.co/mp3-preview/7fc29f9de807f37b822680fa6b7c3537bfbf924c?cid=9950ac751e34487dbbe027c4fd7f8e99,false,43,CNF180269004,,2024-02-23T08:40:46Z
spotify:track:2cIXMUpNNNPWAA1k4Q5NQk,光陰的故事,spotify:artist:7tuWI2luTp61HHGmviWid8,羅大佑,spotify:album:4c3u4rq4DhbjWK0gnICM2p,羅大佑自選輯,spotify:artist:7tuWI2luTp61HHGmviWid8,羅大佑,1995-12-08,https://i.scdn.co/image/ab67616d0000b273669e39a4874bf5360fb97053,1,2,201000,https://p.scdn.co/mp3-preview/ff3b357b7b1139d929bb5deaed0c4b10d1886d25?cid=9950ac751e34487dbbe027c4fd7f8e99,false,15,TWAW18200009,,2024-02-23T08:40:21Z
spotify:track:4RiFAOgQ6kQLMvO2Jp5F3T,I Am You,spotify:artist:3yF0qqHNkEaE4xc4r1b5bP,Kim Taylor,spotify:album:0XT5BoecgnFQ6EfKByeIxP,Build You Up,spotify:artist:3yF0qqHNkEaE4xc4r1b5bP,Kim Taylor,2008-10-10,https://i.scdn.co/image/ab67616d0000b273a94fbfd8734641c183232b32,1,7,274186,https://p.scdn.co/mp3-preview/326aed387eb1fe1b14865794e0a8e54c1c1a1334?cid=9950ac751e34487dbbe027c4fd7f8e99,false,33,TCACB1491763,,2024-02-23T08:40:03Z
spotify:track:7rWq6WfZNwilZgRvZUw6CQ,Try,spotify:artist:6aZyMrc4doVtZyKNilOmwu,Colbie Caillat,spotify:album:3Gvp7hk4YWaWg2mF0XAauA,Gypsy Heart,spotify:artist:6aZyMrc4doVtZyKNilOmwu,Colbie Caillat,2014-09-29,https://i.scdn.co/image/ab67616d0000b273554a0203a8fce451870f56ad,1,4,224573,,false,44,USUM71407113,,2024-02-23T08:39:49Z
spotify:track:2BFzMfVt8KmjDKbljxnzwE,Oceans,spotify:artist:0nNnD1oc02hebmFdcJkyXw,Leon Lour,spotify:album:0TzPL5FQCU6v0rhOCdLeT0,Oceans,spotify:artist:0nNnD1oc02hebmFdcJkyXw,Leon Lour,2017-05-05,https://i.scdn.co/image/ab67616d0000b2738b44bea8b2b78ca57beb99ae,1,1,220800,https://p.scdn.co/mp3-preview/d0271bf9ae57c293d0ebc807176143c213a4787a?cid=9950ac751e34487dbbe027c4fd7f8e99,false,12,GBKPL1780553,,2024-02-23T08:39:24Z
spotify:track:46lFttIf5hnUZMGvjK0Wxo,Runaway (U & I),spotify:artist:4sTQVOfp9vEMCemLw50sbu,Galantis,spotify:album:4QcXq4vTVN7dFb7bZa9jG2,Pharmacy,spotify:artist:4sTQVOfp9vEMCemLw50sbu,Galantis,2015-06-05,https://i.scdn.co/image/ab67616d0000b2732b517912fd69652ff10d8e11,1,4,227073,https://p.scdn.co/mp3-preview/07fb66554af09f90798cadd77255c35df6dda8f4?cid=9950ac751e34487dbbe027c4fd7f8e99,false,77,USAT21404265,,2024-02-23T08:39:09Z
spotify:track:2VlLbhGLVJgdOW7kKdWWFc,Six Feet Under,spotify:artist:6qqNVTkY8uBg9cP3Jd7DAH,Billie Eilish,spotify:album:74TRp3O8BRdGxc0XO0UzoY,Six Feet Under,spotify:artist:6qqNVTkY8uBg9cP3Jd7DAH,Billie Eilish,2016-11-17,https://i.scdn.co/image/ab67616d0000b273fae80fc6c7f60e75cfc519c7,1,1,189613,,false,72,TCACP1646299,,2024-02-23T08:38:17Z
spotify:track:3MEYFivt6bilQ9q9mFWZ4g,Alone,spotify:artist:64KEffDW9EtZ1y2vBYgq8T,Marshmello,spotify:album:7ePC9qS9mSOTY9E0YPP6yg,Alone,spotify:artist:64KEffDW9EtZ1y2vBYgq8T,Marshmello,2016-05-13,https://i.scdn.co/image/ab67616d0000b273956043cfb058f0be93022267,1,1,273802,https://p.scdn.co/mp3-preview/9f235497d1eb2a7e9368397ef4a22c6c13d40ef4?cid=9950ac751e34487dbbe027c4fd7f8e99,false,71,CA6D21600147,,2024-02-23T08:23:15Z
spotify:track:2wQ411UQL2MRsdAgPRUstT,Walk Thru Fire,spotify:artist:0daugAjUgbJSqdlyYNwIbT,Vicetone,spotify:album:19cloFhfD0cKbMEzUAxugB,Walk Thru Fire,spotify:artist:0daugAjUgbJSqdlyYNwIbT,Vicetone,2018-08-03,https://i.scdn.co/image/ab67616d0000b273b35a97f364865a2cb4e5a194,1,1,194482,https://p.scdn.co/mp3-preview/d694c3a1dc2b2d5012dd3ffcefe1ca34fc0c273e?cid=9950ac751e34487dbbe027c4fd7f8e99,false,64,CA6D21800176,,2024-02-23T08:19:56Z
spotify:track:3HEXfavc93OZvn54kr7axp,Take Me to Infinity - Radio Edit,spotify:artist:3gyp3OwaUX6NfBy1sHvY8b,Consoul Trainin,spotify:album:0vwaSaiNEUVlzDApcMDsdC,Take Me to Infinity,spotify:artist:3gyp3OwaUX6NfBy1sHvY8b,Consoul Trainin,2016-10-05,https://i.scdn.co/image/ab67616d0000b273177aef9cef184daa187ecca4,1,1,207701,https://p.scdn.co/mp3-preview/a99dd8d30437642de22d8a67eaf222fa24d9ae6d?cid=9950ac751e34487dbbe027c4fd7f8e99,false,37,GRFOT1600003,,2024-02-23T08:19:29Z
spotify:track:2DPekI6LRM0HZiUShQiD2F,Horizon,spotify:artist:5VXPJC0PNpJbzB10A39G8E,Janji,spotify:album:7jS0O6KWDVDS4WBZLsRFQx,Horizon,spotify:artist:5VXPJC0PNpJbzB10A39G8E,Janji,2014-01-01,https://i.scdn.co/image/ab67616d0000b273b607795277125a322e406ef9,1,1,197055,https://p.scdn.co/mp3-preview/956a501099c4bafc0682158d3a843abef9762374?cid=9950ac751e34487dbbe027c4fd7f8e99,false,43,GBSMU1891024,,2024-02-23T08:19:07Z
spotify:track:3V5K580G9CVnn6h2q6B0PV,Far Away from Home,spotify:artist:1yWjNh9SRE7C59A3LDIwVW,Groove Coverage,spotify:album:3OScX0X70mInxBIKHj1zK3,Covergirl,spotify:artist:1yWjNh9SRE7C59A3LDIwVW,Groove Coverage,2002-11-25,https://i.scdn.co/image/ab67616d0000b273c744f24844b0c5b888f723e4,1,6,261466,https://p.scdn.co/mp3-preview/be42139e985bc64672fbd2facd722cc9bcb73641?cid=9950ac751e34487dbbe027c4fd7f8e99,false,38,DEF910700131,,2024-02-23T08:14:31Z
spotify:track:3tFECpGckFpp0HpQje78gi,Forever Young,spotify:artist:51K48NCxjB11t9eqUWWoIq,Youth Group,spotify:album:7JgWdCGMBwJkYb91oiFzxd,Casino Twilight Dogs,spotify:artist:51K48NCxjB11t9eqUWWoIq,Youth Group,2007-01-30,https://i.scdn.co/image/ab67616d0000b273afe44166f2ba6223a0ed85b6,1,8,239120,https://p.scdn.co/mp3-preview/132e33342a2201cfa22db9a162f8e87d71c8d90d?cid=9950ac751e34487dbbe027c4fd7f8e99,false,51,USEP40638108,,2024-02-23T08:14:17Z
spotify:track:6AoBSeZg9YYt1GKtfcMGkY,Colors,spotify:artist:1feoGrmmD8QmNqtK2Gdwy8,Tobu,spotify:album:7o0yLphQ7LmN1X3IqFhH6a,Colors,spotify:artist:1feoGrmmD8QmNqtK2Gdwy8,Tobu,2014-01-01,https://i.scdn.co/image/ab67616d0000b2738ddecb87ac5964738ceaff92,1,1,279419,https://p.scdn.co/mp3-preview/238e7c1e421fd667d3840967783f08bca78bd272?cid=9950ac751e34487dbbe027c4fd7f8e99,false,43,GBSMU1583513,,2024-02-23T08:13:53Z
spotify:track:1BlO2nUuN5aea2HJls6tZT,Many Ways - Extended Mix,"spotify:artist:2ohlvFf9PBsDELdRstPtlP, spotify:artist:42ngjMklH9b9JLMudMnLEp","Ferry Corsten, Jenny Wahlström",spotify:album:57uV147TYtPxu2GsW7mV0G,Many Ways,spotify:artist:2ohlvFf9PBsDELdRstPtlP,Ferry Corsten,2013-12-02,https://i.scdn.co/image/ab67616d0000b273e5a711ad2642efeb735ae5cf,1,2,319598,https://p.scdn.co/mp3-preview/65bc9c05668f2dec109b4a661effcf42b921a562?cid=9950ac751e34487dbbe027c4fd7f8e99,false,11,NLQ881301124,,2024-02-23T08:13:36Z
spotify:track:4B0JvthVoAAuygILe3n4Bs,What Do You Mean?,spotify:artist:1uNFoZAHBGtllmzznpCI3s,Justin Bieber,spotify:album:6Fr2rQkZ383FcMqFyT7yPr,Purpose (Deluxe),spotify:artist:1uNFoZAHBGtllmzznpCI3s,Justin Bieber,2015-11-13,https://i.scdn.co/image/ab67616d0000b273f46b9d202509a8f7384b90de,1,3,205680,,false,81,USUM71511919,,2024-02-23T08:13:10Z
spotify:track:4r5wtdQV4NWsz5AEwy1YCz,Save Me,spotify:artist:1Q50Y9cXWlkNEG6gJfUP1e,DEAMN,spotify:album:7IlO51zPDE9f2u1yWrwI00,Save Me (Deluxe),spotify:artist:1Q50Y9cXWlkNEG6gJfUP1e,DEAMN,2019-02-13,https://i.scdn.co/image/ab67616d0000b273efa8339764d6deafc45e078a,1,1,184918,https://p.scdn.co/mp3-preview/ce5e34b534397a68e42a650019fa950186f7518a?cid=9950ac751e34487dbbe027c4fd7f8e99,false,49,SE3OH1704978,,2024-02-23T08:09:46Z
spotify:track:5WRbn9yMhCX9331XzbPdPt,Sign,spotify:artist:1Q50Y9cXWlkNEG6gJfUP1e,DEAMN,spotify:album:79Ym6e8fmXkGX2zXfAxqOI,Sign,spotify:artist:1Q50Y9cXWlkNEG6gJfUP1e,DEAMN,2022-04-22,https://i.scdn.co/image/ab67616d0000b2739fa4354ffaf9368f840c2bfe,1,1,191559,https://p.scdn.co/mp3-preview/8250ba6e8be7cfa16795bf011c2515890a974ba2?cid=9950ac751e34487dbbe027c4fd7f8e99,false,23,TCAGE2208020,,2024-02-23T08:09:14Z
spotify:track:5yFSF6qQA1rcLsQRnBsZgb,All Falls Down (feat. Juliander),"spotify:artist:7vk5e3vY1uw9plTHJAMwjN, spotify:artist:55fhWPvDiMpLnE4ZzNXZyW, spotify:artist:5fyDppLDl1juIu1BcUT5zh, spotify:artist:4gvkdged3Xw3ImXFm3jiay","Alan Walker, Noah Cyrus, Digital Farm Animals, Juliander",spotify:album:4hlAdqONoJhkjf8u9XMjQr,All Falls Down (feat. Juliander),"spotify:artist:7vk5e3vY1uw9plTHJAMwjN, spotify:artist:55fhWPvDiMpLnE4ZzNXZyW, spotify:artist:5fyDppLDl1juIu1BcUT5zh","Alan Walker, Noah Cyrus, Digital Farm Animals",2017-10-27,https://i.scdn.co/image/ab67616d0000b273206fdebc66bd04d9913f035d,1,1,199111,https://p.scdn.co/mp3-preview/66574523adc388fbc6394b2c374a87e19a373429?cid=9950ac751e34487dbbe027c4fd7f8e99,true,61,NOG841715010,,2024-02-23T08:08:52Z
spotify:track:0kDI42WWRwsrKAmE7wmQbt,Creep,spotify:artist:6HQ6vf4AloXyVNdyJhrX1J,GAMPER & DADONI,spotify:album:1JQOUrnGO8cW4ozVKAIbID,Creep,spotify:artist:6HQ6vf4AloXyVNdyJhrX1J,GAMPER & DADONI,2022-08-05,https://i.scdn.co/image/ab67616d0000b27337f1a4721cee2084122a4960,1,1,174998,https://p.scdn.co/mp3-preview/e129190907a2d14e8140e0cae378a25c70583927?cid=9950ac751e34487dbbe027c4fd7f8e99,false,54,NLQ8X1700135,,2024-02-23T08:07:08Z
spotify:track:14YP4wQRZ35o6VzDj9zvGS,Summer Love,"spotify:artist:4AAlziTuZPZV7BDOMdQWh1, spotify:artist:4dBMl1epCOf6FAtkp9ayFu","Tacacho, Andrés Sierra",spotify:album:2vnGsIUXUEBGPEEihe6txD,The Bearded Friends - May 2017,spotify:artist:0LyfQWJT6nXafLPZqxe9Of,群星,2017-05-19,https://i.scdn.co/image/ab67616d0000b27359e2af50e339bee12ba44321,1,4,208814,https://p.scdn.co/mp3-preview/34030e806a923e08437f03df752eadd1279573ca?cid=9950ac751e34487dbbe027c4fd7f8e99,false,0,NLF711703126,,2024-02-23T08:06:54Z
spotify:track:5bEqxPDkryvE3gEzHYUxY7,Pretty Little White Lies,"spotify:artist:12A83CWwFiyXy90ScLWPIe, spotify:artist:0sbkGGlLYmgOzcxRqd257O","LIZOT, Emelie Cyréus",spotify:album:0tMdzE3r2n3WWsG7CgIVhE,Pretty Little White Lies,"spotify:artist:12A83CWwFiyXy90ScLWPIe, spotify:artist:0sbkGGlLYmgOzcxRqd257O","LIZOT, Emelie Cyréus",2017-10-04,https://i.scdn.co/image/ab67616d0000b2733bb9dca0b3c2de157ba97bec,1,1,167856,https://p.scdn.co/mp3-preview/bc502339042ffd60c97ffb0bd6a1623c9df1716e?cid=9950ac751e34487dbbe027c4fd7f8e99,false,18,NLF711709152,,2024-02-23T08:06:29Z
spotify:track:5wMgfgCLaIb3dZsL6koWj9,Mind Games,spotify:artist:0nwid3SFCGyXxnllTHzHPd,Nicolas Haelg,spotify:album:7AixKUCO5BwPeRsL0j7wrQ,Mind Games,spotify:artist:0nwid3SFCGyXxnllTHzHPd,Nicolas Haelg,2017-06-02,https://i.scdn.co/image/ab67616d0000b273efe66c47ab04f8e5cb2fb318,1,1,138130,https://p.scdn.co/mp3-preview/4d3060a47633205144c4e8dd9f6dfc5b02564ebd?cid=9950ac751e34487dbbe027c4fd7f8e99,false,41,NLF711704245,,2024-02-23T08:06:09Z
spotify:track:2nLobBUYm31EG6kdkK8sQD,We Are So Animal,"spotify:artist:17TFSnqADESRM8BPSaM5aB, spotify:artist:0PPpKyvqALNTHqNCkPh9WM","Krono, Belle",spotify:album:3asCOvHz4OGk08hJWrizfu,We Are So Animal,spotify:artist:17TFSnqADESRM8BPSaM5aB,Krono,2016-02-02,https://i.scdn.co/image/ab67616d0000b273bc5932847acd6609a3d3cfb5,1,1,169147,https://p.scdn.co/mp3-preview/3d4b3fd07da698d2415363eb75f073e333386e2f?cid=9950ac751e34487dbbe027c4fd7f8e99,false,23,NLF711600151,,2024-02-23T08:05:42Z
spotify:track:5Xu7nrKiVHslrdlNHRsSsP,Reality,"spotify:artist:7f5Zgnp2spUuuzKplmRkt7, spotify:artist:1bZDq4po4dMIpN74Zendm0","Lost Frequencies, Janieck",spotify:album:7JhwZ7qr8knsl9iX1lidtx,Reality,"spotify:artist:7f5Zgnp2spUuuzKplmRkt7, spotify:artist:1bZDq4po4dMIpN74Zendm0","Lost Frequencies, Janieck",2015-05-18,https://i.scdn.co/image/ab67616d0000b27335a8216e10dd67724a6329c2,1,1,159480,https://p.scdn.co/mp3-preview/9f5bf8bb09f339521222af289b12688b17a05689?cid=9950ac751e34487dbbe027c4fd7f8e99,false,56,NLF711502765,,2024-02-23T08:02:12Z
spotify:track:39QlSLkqq5shnpAXchT9sI,Are You With Me,spotify:artist:7f5Zgnp2spUuuzKplmRkt7,Lost Frequencies,spotify:album:63zsZVaIMUW10wP6QanS42,Are You With Me,spotify:artist:7f5Zgnp2spUuuzKplmRkt7,Lost Frequencies,2014-08-21,https://i.scdn.co/image/ab67616d0000b2733cfe68887b539afa3e20479e,1,1,138013,https://p.scdn.co/mp3-preview/b35aeeb23f7bea0cfdd3d1b8c1b787f4a99231f4?cid=9950ac751e34487dbbe027c4fd7f8e99,false,55,NLF711403495,,2024-02-23T07:33:50Z
spotify:track:2nCvqiE1jrPRR29E51NwfB,Turn It Around,spotify:artist:0zg4soTKKYncxkL8w50WtW,neutral.,spotify:album:3GJo5NMJ1nmTmKhMRbMHo5,Turn It Around,spotify:artist:0zg4soTKKYncxkL8w50WtW,neutral.,2017-09-15,https://i.scdn.co/image/ab67616d0000b2733fafd5408aedcee558e6a3e5,1,1,182448,https://p.scdn.co/mp3-preview/24e2c260c1b6d505830ac1a5969afc6493d26476?cid=9950ac751e34487dbbe027c4fd7f8e99,false,15,QZ9JZ1715580,,2024-02-23T07:33:33Z
spotify:track:3UpS7kBnkVQYG13pDDFTC4,As Long as You Love Me,spotify:artist:5rSXSAkZ67PYJSvpUpkOr7,Backstreet Boys,spotify:album:2U9ONknz1iFEK9drEKLx8v,Backstreet's Back,spotify:artist:5rSXSAkZ67PYJSvpUpkOr7,Backstreet Boys,1997-08-12,https://i.scdn.co/image/ab67616d0000b273530cec85d4543693bd726167,1,2,221106,https://p.scdn.co/mp3-preview/9e45a104bc8d916c0386fa87e91f2fe2f3de0bf7?cid=9950ac751e34487dbbe027c4fd7f8e99,false,80,USJI19710094,,2024-02-23T07:30:42Z
spotify:track:0dRhSF9LV0HR8Jwd3MMMKJ,Everytime,spotify:artist:26dSoYclwsYLMAKD3tpOr4,Britney Spears,spotify:album:0z7pVBGOD7HCIB7S8eLkLI,In The Zone,spotify:artist:26dSoYclwsYLMAKD3tpOr4,Britney Spears,2003-11-13,https://i.scdn.co/image/ab67616d0000b273efc6988972cb04105f002cd4,1,12,230306,https://p.scdn.co/mp3-preview/3287f69198f5e8a2499b7afb850e078527732b59?cid=9950ac751e34487dbbe027c4fd7f8e99,false,66,USJI10301010,,2024-02-23T07:28:42Z
spotify:track:1rfofaqEpACxVEHIZBJe6W,Havana (feat. Young Thug),"spotify:artist:4nDoRrQiYLoBzwC5BhVJzF, spotify:artist:50co4Is1HCEo8bhOyUWKpn","Camila Cabello, Young Thug",spotify:album:2vD3zSQr8hNlg0obNel4TE,Camila,spotify:artist:4nDoRrQiYLoBzwC5BhVJzF,Camila Cabello,2018-01-12,https://i.scdn.co/image/ab67616d0000b2736eb0b9e73adcf04e4ed3eca4,1,4,217306,https://p.scdn.co/mp3-preview/49653dbbec996f228cb6edc046d318cd5a249ee6?cid=9950ac751e34487dbbe027c4fd7f8e99,false,81,USSM11706905,,2024-02-23T07:24:23Z
spotify:track:7qEHsqek33rTcFNT9PFqLf,Someone You Loved,spotify:artist:4GNC7GD6oZMSxPGyXy4MNB,Lewis Capaldi,spotify:album:5658aM19fA3JVwTK6eQX70,Divinely Uninspired To A Hellish Extent,spotify:artist:4GNC7GD6oZMSxPGyXy4MNB,Lewis Capaldi,2019-05-17,https://i.scdn.co/image/ab67616d0000b273fc2101e6889d6ce9025f85f2,1,4,182160,,false,86,DEUM71807062,,2024-02-23T07:24:03Z
spotify:track:2pUpNOgJBIBCcjyQZQ00qU,Let Her Go,spotify:artist:0gadJ2b9A4SKsB1RFkBb66,Passenger,spotify:album:5te4yFMdnzpJ1s6fa5TIZG,All the Little Lights (Deluxe),spotify:artist:0gadJ2b9A4SKsB1RFkBb66,Passenger,2013-11-29,https://i.scdn.co/image/ab67616d0000b273eb0b18cce8b7f5c9fc1579e7,1,2,252733,https://p.scdn.co/mp3-preview/ed32d83917c76cb50a912a330c0bb9fd531d2d3c?cid=9950ac751e34487dbbe027c4fd7f8e99,false,76,GBMQN1100004,,2024-02-23T07:23:39Z
spotify:track:5FdJ0r5IOsincYxyVbuZOW,Kaleidoscope (feat. Grace Grundy),"spotify:artist:0daugAjUgbJSqdlyYNwIbT, spotify:artist:3pFPBG84k5bQVbL9apf2PD","Vicetone, Grace Grundy",spotify:album:6fC0WX4yYc5awtyzMVpIBU,Kaleidoscope (feat. Grace Grundy),spotify:artist:0daugAjUgbJSqdlyYNwIbT,Vicetone,2016-11-04,https://i.scdn.co/image/ab67616d0000b27362fc5623226d095d85f14224,1,1,214787,https://p.scdn.co/mp3-preview/994af49cf0b0eed2523a7411c1f3ef36a2eda9cf?cid=9950ac751e34487dbbe027c4fd7f8e99,false,31,NLZ541600993,,2024-02-23T07:23:18Z
spotify:track:4vOLPmEfajdf9DaVUWXkRv,Stars,spotify:artist:1HE19EVn5Xs4qlNY4JCuJJ,Noctilucent,spotify:album:3ybp8IpJwfYVW3Hl8cM6dg,StarsEP,spotify:artist:1HE19EVn5Xs4qlNY4JCuJJ,Noctilucent,2014-11-24,https://i.scdn.co/image/ab67616d0000b273f1297fb26ff47913c4a055dc,1,1,273266,https://p.scdn.co/mp3-preview/33279107ccfecb0ad4dfb31a3b152101539a0238?cid=9950ac751e34487dbbe027c4fd7f8e99,false,8,UST8K1411006,,2024-02-23T06:56:11Z
spotify:track:1NhPKVLsHhFUHIOZ32QnS2,Secrets,spotify:artist:5Pwc4xIPtQLFEnJriah9YJ,OneRepublic,spotify:album:2pLAOZiilrhOrTQNqrF8qr,Waking Up,spotify:artist:5Pwc4xIPtQLFEnJriah9YJ,OneRepublic,2009-01-01,https://i.scdn.co/image/ab67616d0000b27377a7bd558d81172446e525bb,1,3,224693,,false,77,USUM70985644,,2024-02-23T06:55:37Z
spotify:track:4JGKZS7h4Qa16gOU3oNETV,Dreams,spotify:artist:7t0rwkOPGlDPEhaOcVtOt9,The Cranberries,spotify:album:0AP5O47kJWlaKVnnybKvQI,"Everybody Else Is Doing It, So Why Can't We?",spotify:artist:7t0rwkOPGlDPEhaOcVtOt9,The Cranberries,1993-03-01,https://i.scdn.co/image/ab67616d0000b273f6325f361d7803ad0d908451,1,2,271560,,false,81,USIR29300080,,2024-02-23T06:54:57Z
spotify:track:15vzANxN8G9wWfwAJLLMCg,Paris,spotify:artist:69GGBxA162lTqCwzJG5jLp,The Chainsmokers,spotify:album:64vx3cUb97lQGlgt8zozWL,Paris,spotify:artist:69GGBxA162lTqCwzJG5jLp,The Chainsmokers,2017-01-13,https://i.scdn.co/image/ab67616d0000b273e1b22ace42c98117458010b4,1,1,221520,https://p.scdn.co/mp3-preview/3dedbb441715ef3aa43e9bd22dfe7bf85587e646?cid=9950ac751e34487dbbe027c4fd7f8e99,false,64,USQX91603031,,2024-02-23T06:54:35Z
spotify:track:2tZHRTuqQI2roREgDVtlHA,光,spotify:artist:3SyC3U06X0DjdWd2Jf6V8Q,陳粒,spotify:album:6VuJTAk38GsC5bHlGSoIqp,如也,spotify:artist:3SyC3U06X0DjdWd2Jf6V8Q,陳粒,2015-02-02,https://i.scdn.co/image/ab67616d0000b2732ef2d5a049bad98c26350eb7,1,5,143173,https://p.scdn.co/mp3-preview/04227a235d5ce83ba2e19a2e75f7da05760a2659?cid=9950ac751e34487dbbe027c4fd7f8e99,false,41,FR59R1839648,,2024-02-23T06:54:03Z
spotify:track:7FESgYLcOufHqKlwrvJN60,Feel It Still,spotify:artist:4kI8Ie27vjvonwaB2ePh8T,Portugal. The Man,spotify:album:2fbps64P1Z4EEktydBn9yZ,Feel It Still,spotify:artist:4kI8Ie27vjvonwaB2ePh8T,Portugal. The Man,2017-03-02,https://i.scdn.co/image/ab67616d0000b273e2fdc4cae88a854b214b35ac,1,1,163250,https://p.scdn.co/mp3-preview/cc2c65008cab3f6d0d4f6e65196354210efa12fa?cid=9950ac751e34487dbbe027c4fd7f8e99,false,56,USAT21700437,,2024-02-23T06:49:39Z
spotify:track:2GoAf90NepiKuH6478Lct2,有夢可待 - 幕後之王片頭曲,spotify:artist:33L43pzLHkc0qhwnfPLWAt,陳立農,spotify:album:050gdEVpMGZLu4zfZhbLEJ,有夢可待 (幕後之王片頭曲),spotify:artist:33L43pzLHkc0qhwnfPLWAt,陳立農,2019-11-11,https://i.scdn.co/image/ab67616d0000b27391a838869e9564a253ac4606,1,1,230356,https://p.scdn.co/mp3-preview/be1bfb966f91600720517a3a8c57376617904612?cid=9950ac751e34487dbbe027c4fd7f8e99,false,0,TWAR51911101,,2024-02-23T06:43:02Z
spotify:track:3vnckGL5LWNoZTltSditKz,夢中人 - 電影《重慶森林》歌曲,spotify:artist:3df3XLKuqTQ6iOSmi0K3Wp,王菲,spotify:album:7EkXAQ21Ebp3Tfqn0rRvo5,重慶森林 (電影原聲大碟),spotify:artist:0LyfQWJT6nXafLPZqxe9Of,群星,2016-04-28,https://i.scdn.co/image/ab67616d0000b27387f236024ac247ed8ddc70c8,1,1,264266,,false,33,HKG079400056,,2024-02-23T06:42:48Z
spotify:track:3E3l8DpWutKilRvfAYPJSP,心碎大道,spotify:artist:2VtVHEiaBjDGzysvaO5tDH,朱婧汐,spotify:album:4EmHopX4JlgJVPeTqEvEqg,第三季中國好歌曲導師: 劉歡組,spotify:artist:0LyfQWJT6nXafLPZqxe9Of,群星,2017-04-12,https://i.scdn.co/image/ab67616d0000b2731eeb7f07cf6c7800b5276318,1,9,184000,https://p.scdn.co/mp3-preview/83b24573fbb52971bcbfcff50ae6d27fefc13498?cid=9950ac751e34487dbbe027c4fd7f8e99,false,2,CNZ691800307,,2024-02-21T08:16:49Z
spotify:track:2b6pyyrxfP79LhV2hLtTm4,Miracle Drug,spotify:artist:51Blml2LZPmy7TTiAg47vQ,U2,spotify:album:5PQPur1PEZFDkI0AXbxFlB,How To Dismantle An Atomic Bomb,spotify:artist:51Blml2LZPmy7TTiAg47vQ,U2,2004-01-01,https://i.scdn.co/image/ab67616d0000b273c1c82c472d758f4945ac15a8,1,2,234013,,false,46,GBAAN0400574,,2024-02-21T08:15:56Z
spotify:track:0S47y0HJ3t12pQZwG9Oyx4,Ordinary Day,spotify:artist:4WKIrizEfylpzQsdegJlfh,Melanie Penn,spotify:album:2p8vv0DjFTfFTJ5nwDTeev,Wake up Love,spotify:artist:4WKIrizEfylpzQsdegJlfh,Melanie Penn,2010-01-19,https://i.scdn.co/image/ab67616d0000b273cd4d487ac998cc1578b889ce,1,3,166733,https://p.scdn.co/mp3-preview/7523c564c8b25c801681441372a9f1cc18eb8a59?cid=9950ac751e34487dbbe027c4fd7f8e99,false,18,USTCC0926090,,2024-02-21T08:15:37Z
spotify:track:2I3ownkhi71tlUSzUENChu,Face Of Summer - Omnia Remix,"spotify:artist:0SfsnGyD8FpIN4U4WCkBZ5, spotify:artist:4twVgAMWGcO14ws4HCLmyH, spotify:artist:0XZkeCAlpiO5qcIlAJzZaA","Armin van Buuren, Sarah deCourcy, Omnia",spotify:album:2I7IrJRdbD5GdXsndJxYRI,Embrace Remix EP #5,spotify:artist:0SfsnGyD8FpIN4U4WCkBZ5,Armin van Buuren,2016-12-08,https://i.scdn.co/image/ab67616d0000b27334ec23f02856ffeedfbd72a9,1,2,198625,https://p.scdn.co/mp3-preview/c46406c5c1be16246226c5156d6a86132cd71e9e?cid=9950ac751e34487dbbe027c4fd7f8e99,false,6,NLF711608675,,2024-02-21T08:15:11Z
spotify:track:2v9SirLJCR6EPUD7hQySfX,Reckless,"spotify:artist:0hprEC0nsWuQPSHag1O2Vi, spotify:artist:52603d7YBpI115kOOyA0GL","Gareth Emery, Wayward Daughter",spotify:album:5HicuC798USMxrV1PP4pxX,100 Reasons To Live,spotify:artist:0hprEC0nsWuQPSHag1O2Vi,Gareth Emery,2016-04-01,https://i.scdn.co/image/ab67616d0000b2730e8a82058016d064a9f0e820,1,4,202353,https://p.scdn.co/mp3-preview/1a42025b39714991932012db4b2f9b435a9ee3c1?cid=9950ac751e34487dbbe027c4fd7f8e99,false,44,NLF711601102,,2024-02-21T08:13:02Z
spotify:track:6GyFP1nfCDB8lbD2bG0Hq9,Midnight City,spotify:artist:63MQldklfxkjYDoUE4Tppz,M83,spotify:album:6EB14IXV5oyOiItGBv7mtG,"Hurry up, We're Dreaming",spotify:artist:63MQldklfxkjYDoUE4Tppz,M83,2011-10-17,https://i.scdn.co/image/ab67616d0000b27362100064780b1d919a95fcf4,1,2,243960,https://p.scdn.co/mp3-preview/7390c5b0499fa45b3c1e11e99075849b798675dd?cid=9950ac751e34487dbbe027c4fd7f8e99,false,79,GB55H1100002,,2024-02-21T08:06:04Z
spotify:track:7guLELDZkib65M4na9ZPIM,Endeavors - Original Mix,spotify:artist:16yUpGkBRgc2eDMd3bB3Uw,MitiS,spotify:album:1SOzgV3thGeetKorY0IxvG,Born,spotify:artist:16yUpGkBRgc2eDMd3bB3Uw,MitiS,2013-04-18,https://i.scdn.co/image/ab67616d0000b2736b37c6371f374d092f627426,1,3,220235,https://p.scdn.co/mp3-preview/f0b952fbd87003104d2c5c131d158210d390ff00?cid=9950ac751e34487dbbe027c4fd7f8e99,false,31,CA5KR1036796,,2024-02-21T08:05:50Z
spotify:track:2qe5nPI6QgNh8OFb0SjUNc,煙火裡的塵埃,spotify:artist:7v7bP8NfcMYh4sDADEAy6Z,華晨宇,spotify:album:5krddP8hxibPp1QUKG2nlP,卡西莫多的禮物,spotify:artist:7v7bP8NfcMYh4sDADEAy6Z,華晨宇,2014-09-19,https://i.scdn.co/image/ab67616d0000b273afb379d3e733eb2472b68a89,1,4,321720,https://p.scdn.co/mp3-preview/6eec8488d4367c9a477aa2157da57beb313fcaea?cid=9950ac751e34487dbbe027c4fd7f8e99,false,48,HKG732248553,,2024-02-21T08:05:15Z
spotify:track:5RApnJggVy9139sKQsvdiy,房间,spotify:artist:4MGzzW9QT98mQJ70vm87Af,刘瑞琦,spotify:album:4OP6beGekT9ieear6316Ph,大丈夫 电视剧原声带,spotify:artist:0LyfQWJT6nXafLPZqxe9Of,群星,2022-04-20,https://i.scdn.co/image/ab67616d0000b273002db516ac3f1b3ede1dfa63,1,2,265769,https://p.scdn.co/mp3-preview/8b1c84db400e0a38c0f4b9aa05e8bce244db5d0f?cid=9950ac751e34487dbbe027c4fd7f8e99,false,0,TWDL72203003,,2024-02-21T07:50:56Z
spotify:track:5Oj4qYZE4QPp5ME2npvCgx,被遺忘的時光,spotify:artist:0hXEo26JJ0u5lD763cTvRW,蔡琴,spotify:album:4o2zjHjjZeh0axEtqpMphM,民歌蔡琴,spotify:artist:0hXEo26JJ0u5lD763cTvRW,蔡琴,1996-01-05,https://i.scdn.co/image/ab67616d0000b273efd985f5ed8679a4e02c62a1,1,1,164666,https://p.scdn.co/mp3-preview/0ef59082fb53a21c9ec66a00f659b3d06ced6680?cid=9950ac751e34487dbbe027c4fd7f8e99,false,34,TWA239600001,,2024-02-21T07:45:06Z
spotify:track:11EX5yhxr9Ihl3IN1asrfK,Need You Now,spotify:artist:32WkQRZEVKSzVAAYqukAEA,Lady A,spotify:album:3hnGcNi8oqGdwTm3CeniFA,Need You Now,spotify:artist:32WkQRZEVKSzVAAYqukAEA,Lady A,2010-01-01,https://i.scdn.co/image/ab67616d0000b2733a2cc6c5cdd9f07a95efa51b,1,1,277573,,false,73,USCN10900696,,2024-02-21T07:31:49Z
spotify:track:4HlFJV71xXKIGcU3kRyttv,"Hey, Soul Sister",spotify:artist:3FUY2gzHeIiaesXtOAdB7A,Train,spotify:album:1CwXS6MAz8Wo7K4TzW9iuR,"Save Me, San Francisco (Golden Gate Edition)",spotify:artist:3FUY2gzHeIiaesXtOAdB7A,Train,2010-12-01,https://i.scdn.co/image/ab67616d0000b2736ff8bc258e3ebc835ffe14ca,1,2,216773,https://p.scdn.co/mp3-preview/518c823cf0f8b862bed0fa45e34cc63db5ea58e4?cid=9950ac751e34487dbbe027c4fd7f8e99,false,82,USSM10904113,,2024-02-21T07:30:16Z
spotify:track:3bC1ahPIYt1btJzSSEyyrF,Whistle,spotify:artist:0jnsk9HBra6NMjO2oANoPY,Flo Rida,spotify:album:7eLwoxxWs6lfkVYJGkGNbk,Wild Ones,spotify:artist:0jnsk9HBra6NMjO2oANoPY,Flo Rida,2012-06-22,https://i.scdn.co/image/ab67616d0000b273871d85943145dde548f4ae09,1,1,224653,https://p.scdn.co/mp3-preview/ea7012e8d63798a9bd4ec40e566cb81c5955d18f?cid=9950ac751e34487dbbe027c4fd7f8e99,false,78,USAT21201745,,2024-02-21T07:29:59Z
spotify:track:6cpk00i5TxCqSeqNi2HuIe,One More Night,spotify:artist:04gDigrS5kc9YWfZHwBETP,Maroon 5,spotify:album:6ijGiBcBfUwkoyHn5VUHU2,Overexposed Track By Track,spotify:artist:04gDigrS5kc9YWfZHwBETP,Maroon 5,2012-01-01,https://i.scdn.co/image/ab67616d0000b273fc8633e22a7dba6aab817bff,1,2,219546,,false,79,USUM71203514,,2024-02-21T07:27:06Z
spotify:track:45hOioMDJktr86iKDHC8gr,Girlfriend,spotify:artist:0p4nmQO2msCgU4IF37Wi3j,Avril Lavigne,spotify:album:6lqE05fiHWJVYYdMVJNj38,The Best Damn Thing (Expanded Edition),spotify:artist:0p4nmQO2msCgU4IF37Wi3j,Avril Lavigne,2007-04-17,https://i.scdn.co/image/ab67616d0000b273476cdf5837ae39eee951cc15,1,1,216600,https://p.scdn.co/mp3-preview/25483d1567806722fd59bdf01eaf0424e0784351?cid=9950ac751e34487dbbe027c4fd7f8e99,true,77,USRC10700021,,2024-02-21T07:26:42Z
spotify:track:4za3cYXGP5ucaA6LqWMPad,Single Ladies (Put a Ring on It),spotify:artist:6vWDO969PvNqNYHIOW5v0m,Beyoncé,spotify:album:4zOrfDLtKoYFeUAc00lLCT,Single Ladies (Put A Ring On It) - Dance Remixes,spotify:artist:6vWDO969PvNqNYHIOW5v0m,Beyoncé,2009-02-09,https://i.scdn.co/image/ab67616d0000b27313f0cc2d042ef327f10067cb,1,6,193493,https://p.scdn.co/mp3-preview/0ebff269cc5b19530deaaa875048c5d0cd6af0cf?cid=9950ac751e34487dbbe027c4fd7f8e99,false,36,USSM10803760,,2024-02-21T07:23:19Z
spotify:track:1zHlj4dQ8ZAtrayhuDDmkY,Timber,"spotify:artist:0TnOYISbd1XYRBk9myaseg, spotify:artist:6LqNN22kT3074XbTVUrhzX","Pitbull, Kesha",spotify:album:3X33e7UII5loqrEgauOKEC,Timber,"spotify:artist:0TnOYISbd1XYRBk9myaseg, spotify:artist:6LqNN22kT3074XbTVUrhzX","Pitbull, Kesha",2013-10-07,https://i.scdn.co/image/ab67616d0000b27316f7ba31754ea8368bf63186,1,1,204053,https://p.scdn.co/mp3-preview/17787d74a2c5b1a6c4da2269900105799e92332a?cid=9950ac751e34487dbbe027c4fd7f8e99,false,53,USRC11301695,,2024-02-21T07:22:54Z
spotify:track:0GNI8K3VATWBABQFAzBAYe,Stay,"spotify:artist:5pKCCKE2ajJHZ9KAiaK11H, spotify:artist:1buzCmyYZE4kcdLRudsb8V","Rihanna, Mikky Ekko",spotify:album:5pLlGJrxuQO3jMoQe1XxZY,Unapologetic (Deluxe),spotify:artist:5pKCCKE2ajJHZ9KAiaK11H,Rihanna,2012-12-11,https://i.scdn.co/image/ab67616d0000b2736dee21d6cd1823e4d6231d37,1,9,240706,,false,74,USUM71214754,,2024-02-21T07:18:11Z
spotify:track:5jE48hhRu8E6zBDPRSkEq7,All About That Bass,spotify:artist:6JL8zeS1NmiOftqZTRgdTz,Meghan Trainor,spotify:album:5W98Ab4VvQEuFEE4TIe5fE,Title (Deluxe),spotify:artist:6JL8zeS1NmiOftqZTRgdTz,Meghan Trainor,2015-01-12,https://i.scdn.co/image/ab67616d0000b2733b11178cccd78ec77fc12dbc,1,2,187920,https://p.scdn.co/mp3-preview/1e2484002e1e6fe405506355be7a9696c892d66a?cid=9950ac751e34487dbbe027c4fd7f8e99,true,69,USSM11401317,,2024-02-21T07:04:12Z
spotify:track:0nrRP2bk19rLc0orkWPQk2,Wake Me Up,spotify:artist:1vCWHaC5f2uS3yhpwWbIA6,Avicii,spotify:album:2H6i2CrWgXE1HookLu8Au0,True,spotify:artist:1vCWHaC5f2uS3yhpwWbIA6,Avicii,2013-09-16,https://i.scdn.co/image/ab67616d0000b273e14f11f796cef9f9a82691a7,1,1,247426,,false,85,SEUM71301326,,2024-02-21T06:48:02Z
spotify:track:6bNB5gxFX6Q87DbQWb8OWZ,Waka Waka (This Time for Africa) [The Official 2010 FIFA World Cup (TM) Song] (feat. Freshlyground),"spotify:artist:0EmeFodog0BfCgMzAIvKQp, spotify:artist:7AcV1lk8Zrgo1691PDWEle","Shakira, Freshlyground",spotify:album:0CKqyf7ptIwn4EtOV8nddm,Listen Up! The Official 2010 FIFA World Cup Album,spotify:artist:0LyfQWJT6nXafLPZqxe9Of,群星,2010-05-28,https://i.scdn.co/image/ab67616d0000b273d6da56e427f7f87f0e544c6f,1,2,202626,https://p.scdn.co/mp3-preview/d898e998e7e3f9d289f542363bf7d35926d81ee0?cid=9950ac751e34487dbbe027c4fd7f8e99,false,69,USSM11001353,,2024-02-21T06:47:31Z
spotify:track:3U4isOIWM3VvDubwSI3y7a,All of Me,spotify:artist:5y2Xq6xcjJb2jVM54GHK3t,John Legend,spotify:album:4OTAx9un4e6NfoHuVRiOrC,Love In The Future (Expanded Edition),spotify:artist:5y2Xq6xcjJb2jVM54GHK3t,John Legend,2013-08-30,https://i.scdn.co/image/ab67616d0000b27394c9217a398f5174757c0c78,1,6,269560,https://p.scdn.co/mp3-preview/29f542e5e8b4b6bb7e4e71a52bc3ff35b6b962ad?cid=9950ac751e34487dbbe027c4fd7f8e99,false,85,USSM11303954,,2024-02-21T06:46:58Z
spotify:track:1Yk0cQdMLx5RzzFTYwmuld,Hello,spotify:artist:4dpARuHxo51G3z768sgnrY,Adele,spotify:album:6TVfiWmo8KtflUAmkK9gGF,25,spotify:artist:4dpARuHxo51G3z768sgnrY,Adele,2015-11-20,https://i.scdn.co/image/ab67616d0000b2737b9888dc365b8f957c63df14,1,1,295502,https://p.scdn.co/mp3-preview/27069a2e4ff7be549a241052b7e3233ac835e1f6?cid=9950ac751e34487dbbe027c4fd7f8e99,false,75,GBBKS1500214,,2024-02-21T06:46:35Z
spotify:track:15JINEqzVMv3SvJTAXAKED,Love The Way You Lie,"spotify:artist:7dGJo4pcD2V6oG8kP0tJRR, spotify:artist:5pKCCKE2ajJHZ9KAiaK11H","Eminem, Rihanna",spotify:album:47BiFcV59TQi2s9SkBo2pb,Recovery,spotify:artist:7dGJo4pcD2V6oG8kP0tJRR,Eminem,2010-06-18,https://i.scdn.co/image/ab67616d0000b273c08d5fa5c0f1a834acef5100,1,15,263373,,true,84,USUM71015397,,2024-02-21T06:46:24Z
spotify:track:5k5fWendNngd89O8JKoE8L,Better When I'm Dancin',spotify:artist:6JL8zeS1NmiOftqZTRgdTz,Meghan Trainor,spotify:album:6C2AXbI5gZZ0eEFEQY83yH,Better When I'm Dancin',spotify:artist:6JL8zeS1NmiOftqZTRgdTz,Meghan Trainor,2015-10-14,https://i.scdn.co/image/ab67616d0000b273a348cd1b2496b47254acc74b,1,1,176266,https://p.scdn.co/mp3-preview/4d34941c16f7b9ead784989ffed3887e9013c803?cid=9950ac751e34487dbbe027c4fd7f8e99,false,70,USSM11506387,,2024-02-04T05:45:45Z
spotify:track:13P5rwmk2EsoFRIz9UCeh9,Cool Kids,spotify:artist:1PbBg2aYjWLKRk84zJK15x,Echosmith,spotify:album:1oHY6eQmEG8skElDvFgKz2,Talking Dreams (Deluxe Edition),spotify:artist:1PbBg2aYjWLKRk84zJK15x,Echosmith,2013-10-04,https://i.scdn.co/image/ab67616d0000b273106fa02aaa287ec63af85aae,1,3,237626,https://p.scdn.co/mp3-preview/2d57e97d9ab849b35b6462fdd736872a2b983849?cid=9950ac751e34487dbbe027c4fd7f8e99,false,72,USWB11301764,,2024-02-04T05:48:35Z
spotify:track:0MX8RxbgtZWRGZRE0Z6zNS,Dirty Talk,spotify:artist:4nmrm4zpgJ0RC6aZRSUEjF,Wynter Gordon,spotify:album:6lTavhbKfE9Fy582VHOCv4,With The Music I Die (Deluxe),spotify:artist:4nmrm4zpgJ0RC6aZRSUEjF,Wynter Gordon,2010-11-09,https://i.scdn.co/image/ab67616d0000b273d3180799974f483b2b80a95e,1,2,197586,https://p.scdn.co/mp3-preview/acda89bf69ab35013dcd874d51656a339bffb533?cid=9950ac751e34487dbbe027c4fd7f8e99,false,53,USAT20902954,,2024-02-04T05:48:55Z
spotify:track:3WLLJzllBEgPiSA0qd3BN3,I Just Wanna Run,spotify:artist:7MRDkEKtdsGcYn11A4qgUL,The Downtown Fiction,spotify:album:0RwnbN9KIwtKC2iI8sjFPx,Let's Be Animals,spotify:artist:7MRDkEKtdsGcYn11A4qgUL,The Downtown Fiction,2011-04-22,https://i.scdn.co/image/ab67616d0000b273618ddee85455e7d12c861194,1,4,199959,https://p.scdn.co/mp3-preview/3907c8d61ef855fbcddaa54d0268aef1b1d1b925?cid=9950ac751e34487dbbe027c4fd7f8e99,false,55,USAT21000239,,2024-02-04T05:59:06Z
spotify:track:7dQWlYaaHnl2GIB5vd99Yf,Es rappelt im Karton,spotify:artist:5aYYfqv1Tn30dh1yZIowOi,Pixie Paris,spotify:album:51GYSKfMjahcXdb0GZLwa0,Es rappelt im Karton,spotify:artist:5aYYfqv1Tn30dh1yZIowOi,Pixie Paris,2014-11-04,https://i.scdn.co/image/ab67616d0000b273bdcc5ac26783b13ced6060d4,1,1,204395,https://p.scdn.co/mp3-preview/bdadef51bf0550bab3c465fd347a3cc1fd1635a2?cid=9950ac751e34487dbbe027c4fd7f8e99,false,35,USUS11202953,,2024-02-04T06:02:54Z
spotify:track:1qE47wUKG2juJwPoLqg4C9,Lean On (feat. MØ & DJ Snake),"spotify:artist:738wLrAtLtCtFOLvQBXOXp, spotify:artist:0bdfiayQAKewqEvaU6rXCv, spotify:artist:540vIaP2JwjQb9dm3aArA4","Major Lazer, MØ, DJ Snake",spotify:album:4b6Si351g8brcy6TtHFn13,Peace Is The Mission,spotify:artist:738wLrAtLtCtFOLvQBXOXp,Major Lazer,2015-06-01,https://i.scdn.co/image/ab67616d0000b273472c58102c67fd247d7707b6,1,4,176561,https://p.scdn.co/mp3-preview/a75157c4074ceab19a6b724128fd436cf701b03b?cid=9950ac751e34487dbbe027c4fd7f8e99,false,2,QMUY41500008,,2024-02-04T06:03:09Z
spotify:track:1JDIArrcepzWDTAWXdGYmP,I Want You To Know,"spotify:artist:2qxJFvFYMEDqd7ui6kSAcq, spotify:artist:0C8ZW7ezQVs4URX5aX7Kqx","Zedd, Selena Gomez",spotify:album:4jKdXIJckKh7la6xHuKwRT,True Colors,spotify:artist:2qxJFvFYMEDqd7ui6kSAcq,Zedd,2015-05-15,https://i.scdn.co/image/ab67616d0000b273d040bc5b46915b49a64d7b1d,1,2,240000,,false,67,USUM71502344,,2024-02-04T06:03:45Z
spotify:track:3zU9rdflI65tK4dkkNSp77,Heroes (we could be),"spotify:artist:4AVFqumd2ogHFlRbKIjp1t, spotify:artist:4NHQUGzhtTLFvgF5SZesLK","Alesso, Tove Lo",spotify:album:0tRVSbmOwilUucqjzU0fQw,Forever,spotify:artist:4AVFqumd2ogHFlRbKIjp1t,Alesso,2015-05-22,https://i.scdn.co/image/ab67616d0000b273b804bbd11f864902d452b3a7,1,3,210013,,false,73,USUM71411636,,2024-02-04T06:05:41Z
spotify:track:2IfSPLPDW6RGosdB5huwAA,泡沫,spotify:artist:7aRC4L63dBn3CiLDuWaLSI,鄧紫棋,spotify:album:5EUhTGmsSlrrt2w3IZd1IG,Xposed,spotify:artist:7aRC4L63dBn3CiLDuWaLSI,鄧紫棋,2012-06-27,https://i.scdn.co/image/ab67616d0000b2739f6a38e4bb9c2f824c215e58,1,4,258865,https://p.scdn.co/mp3-preview/69006ae02dcc3880ec92a8ecf09eaed98e48e161?cid=9950ac751e34487dbbe027c4fd7f8e99,false,63,HKI111200214,,2024-02-04T06:07:06Z
spotify:track:7JX2ClsnxN9GirkOezr01O,喜歡你,spotify:artist:7aRC4L63dBn3CiLDuWaLSI,鄧紫棋,spotify:album:6XQhiXvWRqoUeKbiv6OpXd,喜歡你 - Single,spotify:artist:7aRC4L63dBn3CiLDuWaLSI,鄧紫棋,2014-08-15,https://i.scdn.co/image/ab67616d0000b273496871b4be6768eea0b4de45,1,1,239010,https://p.scdn.co/mp3-preview/16c442b7762711caa9046c792af2273405bddfa1?cid=9950ac751e34487dbbe027c4fd7f8e99,false,57,HKI111400029,,2024-02-04T06:07:24Z
spotify:track:2u3k4qplPLgSe7T6DqLBfe,別找我麻煩,spotify:artist:376pcuw4IgWBMOUwCr8kIm,蔡健雅,spotify:album:4yAISmg3ZMOxPM3t4wTrVn,說到愛,spotify:artist:376pcuw4IgWBMOUwCr8kIm,蔡健雅,2011-11-18,https://i.scdn.co/image/ab67616d0000b27337cd69f07c426e040540061f,1,6,248493,https://p.scdn.co/mp3-preview/eb9c024b79398109d00c224b33bfe06b23845c41?cid=9950ac751e34487dbbe027c4fd7f8e99,false,41,TWJ011100406,,2024-02-04T06:14:03Z
spotify:track:5DSF1VTSaaAFIesJLlltuM,紅色高跟鞋,spotify:artist:376pcuw4IgWBMOUwCr8kIm,蔡健雅,spotify:album:60ibi7DcLi7LDZSgq4KQfF,若你碰到他,spotify:artist:376pcuw4IgWBMOUwCr8kIm,蔡健雅,2009-08-19,https://i.scdn.co/image/ab67616d0000b2735d476803af73bdde7a8d3cef,1,4,206586,https://p.scdn.co/mp3-preview/5c5d1e0d614c269f8efba742489c13b3fc75bd5a?cid=9950ac751e34487dbbe027c4fd7f8e99,false,61,TWJ010900504,,2024-02-04T06:14:16Z
spotify:track:4IgOhZsCy9W4ZIzI4b1TYN,龍捲風,spotify:artist:2elBjNSdBE2Y3f0j1mjrql,周杰倫,spotify:album:1Q4Kv3F8xwz7oxRP48grON,杰倫,spotify:artist:2elBjNSdBE2Y3f0j1mjrql,周杰倫,2000-11-16,https://i.scdn.co/image/ab67616d0000b273147338ef86c5cccef39f1ca1,1,9,250866,,false,54,TWK970000109,,2024-02-04T06:14:28Z
spotify:track:6UqRGwjwYL0stXbaodTxwo,Seve - Radio Edit,spotify:artist:5cBeFQv3kBVP8o15CmPTKb,Tez Cadey,spotify:album:40d8W7uNHGeih483QVvLu4,Seve (Radio Edit),spotify:artist:5cBeFQv3kBVP8o15CmPTKb,Tez Cadey,2015-01-26,https://i.scdn.co/image/ab67616d0000b273da0751d4a35b6af93fb3e01d,1,1,210853,https://p.scdn.co/mp3-preview/c7adbdc0fb4ffbcb8b8e2bf6f5037b58fe6fa36b?cid=9950ac751e34487dbbe027c4fd7f8e99,false,65,FR9W11419857,,2024-02-04T06:14:48Z
spotify:track:3OJtZTdhAXJgyKbcTlsgvA,Calc.,spotify:artist:5XiOLC7rB0h2OjZ8EPbcK3,Bluey ブルー子,spotify:album:2YnDKvhLB7xfsUMQBQ6OOp,Calc.,spotify:artist:5XiOLC7rB0h2OjZ8EPbcK3,Bluey ブルー子,2020-08-07,https://i.scdn.co/image/ab67616d0000b2736e8268533dbbd1cbc54fb4ba,1,1,240053,https://p.scdn.co/mp3-preview/5ded96253fa92b507659373820af2e2a8a63bf25?cid=9950ac751e34487dbbe027c4fd7f8e99,false,34,GBSMU8853665,,2024-02-04T06:15:31Z
spotify:track:60wwxj6Dd9NJlirf84wr2c,Clarity,"spotify:artist:2qxJFvFYMEDqd7ui6kSAcq, spotify:artist:7qRll6DYV06u2VuRPAVqug","Zedd, Foxes",spotify:album:7juWTdmjo0vYywWu8HiQxs,Clarity,spotify:artist:2qxJFvFYMEDqd7ui6kSAcq,Zedd,2012-01-01,https://i.scdn.co/image/ab67616d0000b273941dd3b3343d9cb9329d37bf,1,5,271426,,false,77,USUM71210662,,2024-02-04T06:16:42Z
spotify:track:2EBCVPNAG46nbgs6jXPGvv,Starships,spotify:artist:0hCNtLu0JehylgoiP8L4Gh,Nicki Minaj,spotify:album:22F5ZYY1sxoJjk6HzZfmC1,Pink Friday: Roman Reloaded The Re-Up (Explicit Version),spotify:artist:0hCNtLu0JehylgoiP8L4Gh,Nicki Minaj,2012-01-01,https://i.scdn.co/image/ab67616d0000b273ef9ad61e2a4f15606fd4ab15,2,10,210626,,true,78,USCM51200060,,2024-02-04T06:18:08Z
spotify:track:4S5HowHGG4NwfviCmPOEAn,就是愛,spotify:artist:1r9DuPTHiQ7hnRRZ99B8nL,JOLIN蔡依林,spotify:album:3PLKouCXePSV5YP6edHnn0,絕版公主蔡依林-夢綺地精選,spotify:artist:1r9DuPTHiQ7hnRRZ99B8nL,JOLIN蔡依林,2007-09-19,https://i.scdn.co/image/ab67616d0000b2735ce4911c7b7fd59746ba8796,2,11,254160,https://p.scdn.co/mp3-preview/eec016d50efde40c7e297303c9b86014162e9409?cid=9950ac751e34487dbbe027c4fd7f8e99,false,22,TWA470408002,,2024-02-04T06:18:25Z
spotify:track:59A6lBd9QmcD8rQTZPj1xD,Dying for You (feat. Alex Aris) - Radio Edit,"spotify:artist:5fahUm8t5c0GIdeTq0ZaG8, spotify:artist:378dH6EszOLFShpRzAQkVM, spotify:artist:7J7YzKnvAyEmHCg7LGWW0G","Otto Knows, Lindsey Stirling, Alex Aris",spotify:album:25a4dxbFd1fAZBM1pGceY1,Dying For You (feat. Alex Aris),"spotify:artist:5fahUm8t5c0GIdeTq0ZaG8, spotify:artist:378dH6EszOLFShpRzAQkVM","Otto Knows, Lindsey Stirling",2016-01-15,https://i.scdn.co/image/ab67616d0000b27306df55328d0898efe8853705,1,1,198970,https://p.scdn.co/mp3-preview/2d050be6871431c519e1f78d117e751438dba503?cid=9950ac751e34487dbbe027c4fd7f8e99,false,50,SE4OX1500118,,2024-02-04T06:20:11Z
spotify:track:7mP4bBFQgt6B3sJfqkIzt2,夜空中最亮的星,spotify:artist:3eJTjQEMzEeoS4n6aJXhKM,逃跑計劃,spotify:album:21lLRacsbXvUovunKge8xU,世界,spotify:artist:3eJTjQEMzEeoS4n6aJXhKM,逃跑計劃,2012-01-01,https://i.scdn.co/image/ab67616d0000b273f2598492ec9212f4dc3dab29,1,7,252253,https://p.scdn.co/mp3-preview/36a2b783aa26e5518d25f8968716c60bd2ddb606?cid=9950ac751e34487dbbe027c4fd7f8e99,false,56,CNZ502001755,,2024-02-04T06:26:33Z
spotify:track:5M8FXrTngqo69sLY55pffy,紅日,spotify:artist:3PV11RNUoGfX9tMN2wVljB,李克勤,spotify:album:6oGOsrlD6MRKFlyNaNlNQX,Custom Made,spotify:artist:3PV11RNUoGfX9tMN2wVljB,李克勤,2004-02-07,https://i.scdn.co/image/ab67616d0000b273083d626468fce9005df32829,2,15,287400,,false,43,HKA619900203,,2024-02-04T06:26:47Z
spotify:track:42Gs3PXjE063oJldMyOVj0,当你老了,spotify:artist:3lR0tCDsRtvT2BtY0mdh1W,赵照,spotify:album:65t0tIHfH3gzx2cw9fBDv3,当你老了,spotify:artist:3lR0tCDsRtvT2BtY0mdh1W,赵照,2014-01-31,https://i.scdn.co/image/ab67616d0000b273105d1167bea3364b7ae30683,1,1,184067,https://p.scdn.co/mp3-preview/d7262327ba98816c1d7b40985ae88694168415e2?cid=9950ac751e34487dbbe027c4fd7f8e99,false,29,HKG731713492,,2024-02-04T06:27:08Z
spotify:track:4FhJ7YSRxATHnaRg4nGs6t,小情歌,spotify:artist:3WYT2b8pOLsLsqSaoWYr7U,蘇打綠,spotify:album:2yhTPiBJRuRjofOIEDLJGw,小宇宙,spotify:artist:3WYT2b8pOLsLsqSaoWYr7U,蘇打綠,2006-10-20,https://i.scdn.co/image/ab67616d0000b273f455f6b17df809e48fad7379,1,3,273573,https://p.scdn.co/mp3-preview/278ff8d3f5aa318f96f51d17a85e48192d0757b0?cid=9950ac751e34487dbbe027c4fd7f8e99,false,61,TWF670600303,,2024-02-04T06:27:22Z
spotify:track:6ZCi9TZKBAQh3IsDDWw4YR,她,spotify:artist:2VtVHEiaBjDGzysvaO5tDH,朱婧汐,spotify:album:4cqdtsLWacynOlTvgN1Ivo,以梦为马,spotify:artist:2VtVHEiaBjDGzysvaO5tDH,朱婧汐,2014-09-10,https://i.scdn.co/image/ab67616d0000b2734acf2ff3c81694ee896cc202,1,2,204800,https://p.scdn.co/mp3-preview/b8cfdc113699bdd181fce0820500440728185e71?cid=9950ac751e34487dbbe027c4fd7f8e99,false,11,CNA651302469,,2024-02-04T06:27:35Z
spotify:track:1arUtGXpy5WD4UZb49tcfp,我的天空,spotify:artist:6wBRQKmHekRD1j5CK1df9A,南征北戰,spotify:album:1ZW1Mm8VaJmXCXf9OuaEkf,南征北戰精選,spotify:artist:6wBRQKmHekRD1j5CK1df9A,南征北戰,2014-12-03,https://i.scdn.co/image/ab67616d0000b273d88684dfd120a841f625c159,1,2,234109,,false,6,TWU711400351,,2024-02-04T06:27:47Z
spotify:track:3YFGh5Kga1K40yUhuCVffM,平凡之路,spotify:artist:6lJ36ifxOD2oUsdMdLRPN4,朴樹,spotify:album:7D2XQNI2pQylrjDB1jsB8J,獵戶星座,spotify:artist:6lJ36ifxOD2oUsdMdLRPN4,朴樹,2017-05-09,https://i.scdn.co/image/ab67616d0000b2730774b7bf251583021114dd50,1,10,302119,https://p.scdn.co/mp3-preview/e971c2484a8a57f6878cfdd39eb97bbaf1e29bd6?cid=9950ac751e34487dbbe027c4fd7f8e99,false,52,CNZ021700040,,2024-02-04T06:27:49Z
spotify:track:5VqyViqzpY23ksTZOYmlHC,Shine,"spotify:artist:4bL2B6hmLlMWnUEZnorEtG, spotify:artist:1t224Vf7MAZ20xkS0TE3LU, spotify:artist:5IIP34JBy1d8kBYlAGnRaW","Felix Jaehn, Freddy Verano, Linying",spotify:album:1x3gA9FjfRFTL6feRlta3O,Shine,spotify:artist:4bL2B6hmLlMWnUEZnorEtG,Felix Jaehn,2014-11-28,https://i.scdn.co/image/ab67616d0000b273e367f99613355c7747f3abd0,1,1,189259,,false,42,DEZ651343085,,2024-02-04T06:28:12Z
spotify:track:5pIcwtJYNJx93l420oR2Vm,晴天,spotify:artist:2elBjNSdBE2Y3f0j1mjrql,周杰倫,spotify:album:0E5yojmnEdbs68b1wM6Kla,葉惠美,spotify:artist:2elBjNSdBE2Y3f0j1mjrql,周杰倫,2003-07-29,https://i.scdn.co/image/ab67616d0000b2737b2dd792101b91625f3f1b97,1,3,269746,,false,64,TWK970300503,,2024-02-04T06:28:20Z
spotify:track:2nfE7SRIRxPoK6cJPsuYkm,Ngau Hung,spotify:artist:3tuxyjTQrEDsF0pV0WbqyR,Hoaprox,spotify:album:0BJsqqiO3DSmRwsjGD78lr,Ngau Hung,spotify:artist:3tuxyjTQrEDsF0pV0WbqyR,Hoaprox,2018-01-01,https://i.scdn.co/image/ab67616d0000b2737db9d6bf6577bf39180e785c,1,1,75743,https://p.scdn.co/mp3-preview/ce73096298c7583f120d8a3c13997a37510fcf30?cid=9950ac751e34487dbbe027c4fd7f8e99,false,0,GBSMU4903751,,2024-02-04T06:28:52Z
spotify:track:4CnbiWjq0i7YPhKNnmt10T,Wicked Wonderland,spotify:artist:49CE2ffZ6Z3zeYSDauSKck,Tungevaag,spotify:album:5ft7sZSwpiUfIarQksucxm,Wicked Wonderland,spotify:artist:49CE2ffZ6Z3zeYSDauSKck,Tungevaag,2014-06-12,https://i.scdn.co/image/ab67616d0000b2733e3ab7f5605cf7e186432bdb,1,1,217270,https://p.scdn.co/mp3-preview/aafec5e20876fdf811556da4b3dafb191dc2f418?cid=9950ac751e34487dbbe027c4fd7f8e99,false,57,DEN061401029,,2024-02-04T06:30:37Z
spotify:track:0vbtURX4qv1l7besfwmnD8,I Took A Pill In Ibiza - Seeb Remix,"spotify:artist:2KsP6tYLJlTBvSUxnwlVWa, spotify:artist:5iNrZmtVMtYev5M9yoWpEq","Mike Posner, Seeb",spotify:album:6Phl1V5P0sPrWJytXHGFeO,"At Night, Alone.",spotify:artist:2KsP6tYLJlTBvSUxnwlVWa,Mike Posner,2016-05-06,https://i.scdn.co/image/ab67616d0000b2731db27fa11dbafa67857da8f3,1,13,197933,,true,80,USUM71509342,,2024-02-04T06:30:58Z
spotify:track:4D0KlK4Fl8lotvsoys1bYQ,天后,spotify:artist:5AhK8gDgOZT7lE1UlbyF1c,陈势安,spotify:album:7EYP32Kr9V27MBMdmBkUo0,再愛一遍‧天后陳勢安,spotify:artist:5AhK8gDgOZT7lE1UlbyF1c,陈势安,2011-11-11,https://i.scdn.co/image/ab67616d0000b273c45593710081f6364e42960d,1,10,289400,https://p.scdn.co/mp3-preview/f376d9288e4dc7ac3bafde2d822cc8ff27a6cbdb?cid=9950ac751e34487dbbe027c4fd7f8e99,false,61,MYPN11111809,,2024-02-04T06:34:30Z
spotify:track:5Zhm8qMnDwXR3soSSurN8T,Stay Young,"spotify:artist:6lB8vOoI4DRrrVxXwuV19c, spotify:artist:1mlram0F0Bgzf47j6wpYd8","Mike Perry, Tessa",spotify:album:0CDyYekVPlSSlyji3cg2sn,Stay Young,spotify:artist:6lB8vOoI4DRrrVxXwuV19c,Mike Perry,2017-09-01,https://i.scdn.co/image/ab67616d0000b2733092f311984e1f0f385458ad,1,1,157004,https://p.scdn.co/mp3-preview/eade6986d2c9592e661e7046f4f2944521611786?cid=9950ac751e34487dbbe027c4fd7f8e99,false,57,SE3AA1700019,,2024-02-04T06:34:42Z
spotify:track:5aW60bCtluAG5Zkm48v4Td,脫掉,spotify:artist:4Do8LbyzJkI0t6c4H4DNrP,杜德偉,spotify:album:7ds0yVcyFnjb9PWovnJ2gM,脫掉,spotify:artist:4Do8LbyzJkI0t6c4H4DNrP,杜德偉,2004-08-06,https://i.scdn.co/image/ab67616d0000b2735f82865ca6af297f8550a28b,1,3,222420,https://p.scdn.co/mp3-preview/0455afd5c5af6e32e8f9e4a40b637b71190cdc94?cid=9950ac751e34487dbbe027c4fd7f8e99,false,0,TWA450481303,,2024-02-04T06:35:12Z
spotify:track:2f0EkZ17g546ljUD6Pzk56,Forever Young,spotify:artist:6lJ36ifxOD2oUsdMdLRPN4,朴樹,spotify:album:7D2XQNI2pQylrjDB1jsB8J,獵戶星座,spotify:artist:6lJ36ifxOD2oUsdMdLRPN4,朴樹,2017-05-09,https://i.scdn.co/image/ab67616d0000b2730774b7bf251583021114dd50,1,9,320431,https://p.scdn.co/mp3-preview/f037d53a8e5d5cc94e1da3b1077665c139dd0d30?cid=9950ac751e34487dbbe027c4fd7f8e99,false,28,CNZ021700034,,2024-02-04T06:35:43Z
spotify:track:7hWVtFublmy3h0gf07BjJ3,最初的夢想,spotify:artist:1q7sCl0vg0EcaFdRz0XDGg,范瑋琪,spotify:album:5DReuwF1sQY29BwRq60zb8,FOR FAN - 最初的夢想,"spotify:artist:1q7sCl0vg0EcaFdRz0XDGg, spotify:artist:0MEchSWR9pJvw1S5CV3Kuk, spotify:artist:26SQFo2qNNGOxh2PUAsTeO","范瑋琪, 楊丞琳, 光良",2004-05-01,https://i.scdn.co/image/ab67616d0000b273161a32f34e090508da21b9bd,1,2,296226,https://p.scdn.co/mp3-preview/e5326b013ff5da2476eb39f3936509105c73184b?cid=9950ac751e34487dbbe027c4fd7f8e99,false,36,TWD250419302,,2024-02-04T06:36:34Z
spotify:track:7dejKdjQxjluvCS3ZjiyyK,Sunshine Girl,spotify:artist:2lXdBKdqczUqxZlQxqTaFF,moumoon,spotify:album:4UmPtiiMSi7WPXxIyO3m5h,moumoon BEST -FULLMOON-,spotify:artist:2lXdBKdqczUqxZlQxqTaFF,moumoon,2017-03-22,https://i.scdn.co/image/ab67616d0000b273d5136ed356114bc40f2edcce,1,1,229333,https://p.scdn.co/mp3-preview/a2778ee0d480ab6e6ae6dc43149e320c4ba43bc0?cid=9950ac751e34487dbbe027c4fd7f8e99,false,36,JPB601016401,,2024-02-04T06:37:23Z
spotify:track:3P8LJqmPlgIxiV0by4Qspa,50 Ways to Say Goodbye,spotify:artist:3FUY2gzHeIiaesXtOAdB7A,Train,spotify:album:59vfDwwkrOGk9pytpJBclH,Greatest Hits,spotify:artist:3FUY2gzHeIiaesXtOAdB7A,Train,2018-11-09,https://i.scdn.co/image/ab67616d0000b2737cdb7b744b6d0f753ef842f8,1,12,248080,https://p.scdn.co/mp3-preview/25fa77fc378e241abcd70c9c844f9f89629b609c?cid=9950ac751e34487dbbe027c4fd7f8e99,false,31,USSM11201533,,2024-02-04T06:40:57Z
spotify:track:5a7NdkF09AfD0H607eiOkX,On My Mind,spotify:artist:0X2BH1fck6amBIoJhDVmmJ,Ellie Goulding,spotify:album:20Ol6zZ0nLlc5EGTH1zA0j,Delirium (Deluxe),spotify:artist:0X2BH1fck6amBIoJhDVmmJ,Ellie Goulding,2015-11-06,https://i.scdn.co/image/ab67616d0000b2736bdee14242f244d9d6ddf2fd,1,5,213445,,false,67,GBUM71505456,,2024-02-04T06:41:18Z
spotify:track:7wZUrN8oemZfsEd1CGkbXE,Bleeding Love,spotify:artist:5lKZWd6HiSCLfnDGrq9RAm,Leona Lewis,spotify:album:0VaAFegRAAn4OCg7p4QjN5,Spirit,spotify:artist:5lKZWd6HiSCLfnDGrq9RAm,Leona Lewis,2007,https://i.scdn.co/image/ab67616d0000b27334fd9eb8cd48e518598aec55,1,1,262466,https://p.scdn.co/mp3-preview/3b688a959a77d42be82bdfdf388e670c09acba84?cid=9950ac751e34487dbbe027c4fd7f8e99,false,77,GBHMU0700049,,2024-02-04T06:41:28Z
spotify:track:0HZhYMZOcUzZKSFwPOti6m,jar of hearts,spotify:artist:7H55rcKCfwqkyDFH9wpKM6,Christina Perri,spotify:album:3XNK8vPk3O1rjhDZyOMJ6n,lovestrong.,spotify:artist:7H55rcKCfwqkyDFH9wpKM6,Christina Perri,2011-05-10,https://i.scdn.co/image/ab67616d0000b27326a2f5224465a369f8abbf88,1,5,246587,https://p.scdn.co/mp3-preview/c9c3a5b998035b9c85726857683c7cd1a37167d0?cid=9950ac751e34487dbbe027c4fd7f8e99,false,73,USAT21001508,,2024-02-04T06:43:01Z
spotify:track:1y4eb6hmAvsqlDOl3fx9kk,Hot N Cold,spotify:artist:6jJ0s89eD6GaHleKKya26X,Katy Perry,spotify:album:0r2BUyPTmpbfuz4rR39mLl,One Of The Boys,spotify:artist:6jJ0s89eD6GaHleKKya26X,Katy Perry,2008-06-17,https://i.scdn.co/image/ab67616d0000b273cd3978ebe35d93a07249b97f,1,7,220226,,false,72,USCA20802544,,2024-02-04T06:43:34Z
spotify:track:3goSVuTt3fDYDP6kRnFwuL,Take A Bow,spotify:artist:5pKCCKE2ajJHZ9KAiaK11H,Rihanna,spotify:album:3JSWZWeTHF4HDGt5Eozdy7,Good Girl Gone Bad: Reloaded,spotify:artist:5pKCCKE2ajJHZ9KAiaK11H,Rihanna,2008-06-02,https://i.scdn.co/image/ab67616d0000b273f9f27162ab1ed45b8d7a7e98,1,14,229413,,false,76,USUM70809004,,2024-02-04T06:44:01Z
spotify:track:4dDihGWAzTkwxjVIS3ta9x,Chances (feat. IMAN),"spotify:artist:7iYHbiYyUb6SCoQSdQkr9u, spotify:artist:4ODUdqz93vJsCMMdJ0R30e","Nector, IMAN",spotify:album:75a6RCV1u5vsP1jI1eMKyx,Chances (feat. IMAN),spotify:artist:7iYHbiYyUb6SCoQSdQkr9u,Nector,2018-02-09,https://i.scdn.co/image/ab67616d0000b273054067da7edf76e815df321b,1,1,162507,https://p.scdn.co/mp3-preview/82159876c187d4bc81e4fa738de0ba2a81263903?cid=9950ac751e34487dbbe027c4fd7f8e99,false,16,DK4YA1801601,,2024-02-04T06:48:14Z
spotify:track:02shCNmb6IvgB5jLqKjtkK,Nevada,"spotify:artist:0daugAjUgbJSqdlyYNwIbT, spotify:artist:5wMfct6VVvaVQ8xGCXxIUa","Vicetone, Cozi Zuehlsdorff",spotify:album:35waq1Bkgy11OjZNGuk9Gj,Nevada,"spotify:artist:0daugAjUgbJSqdlyYNwIbT, spotify:artist:5wMfct6VVvaVQ8xGCXxIUa","Vicetone, Cozi Zuehlsdorff",2016-06-24,https://i.scdn.co/image/ab67616d0000b273f48a2a4e66094853072c3b79,1,1,208561,https://p.scdn.co/mp3-preview/b579ee8bd770716380ea708ad8b57d37bf08723c?cid=9950ac751e34487dbbe027c4fd7f8e99,false,71,CA6D21600175,,2024-02-04T06:48:24Z
spotify:track:6UItJBZYGFZegr0KCKQ7kF,Sun Goes Down,"spotify:artist:3BETdCqKlraxPwjzH4JUIB, spotify:artist:41QB8c3l9YFTzxbuTpZ8lt, spotify:artist:0Dt97GvTO4dxdBYqyxLwLY","Koni, Jeongwoo, Lilianna Wilde",spotify:album:1iZaprLoOTBeKDlOHjEqW4,Sun Goes Down,"spotify:artist:3BETdCqKlraxPwjzH4JUIB, spotify:artist:41QB8c3l9YFTzxbuTpZ8lt, spotify:artist:0Dt97GvTO4dxdBYqyxLwLY","Koni, Jeongwoo, Lilianna Wilde",2017-09-04,https://i.scdn.co/image/ab67616d0000b273072addd635cb84d842ba1633,1,1,189062,https://p.scdn.co/mp3-preview/b3710256adb0e5e3030075a605ecd3506bc4252c?cid=9950ac751e34487dbbe027c4fd7f8e99,false,21,QZ-5FN-17-21284,,2024-02-04T06:48:52Z
spotify:track:2ZAefpxKZ6ognitRZkqcIu,Ghost,spotify:artist:4F7wGFfIXuQUBFoxiZ9WFp,Matilda,spotify:album:06HXandyqOCzu0vWH8eNdy,Ghost,spotify:artist:4F7wGFfIXuQUBFoxiZ9WFp,Matilda,2016-06-03,https://i.scdn.co/image/ab67616d0000b273c0d0c28fb51366d0aeaa3b74,1,1,206916,https://p.scdn.co/mp3-preview/5ed3f33cc63eae9461bdb9eeb9b0ff506b2db17d?cid=9950ac751e34487dbbe027c4fd7f8e99,false,16,NOAAC1600035,,2024-02-04T06:49:06Z
spotify:track:22AVYKSDZo9zFGlTmwSThB,Somebody,"spotify:artist:0UN8vGMxWEBKNNu8NtyF96, spotify:artist:161mym5juYaMTRpbcVqmFf","Lush & Simon, IZII",spotify:album:4z6qZXxQyML1sShvQ0Q2Ac,Somebody,"spotify:artist:0UN8vGMxWEBKNNu8NtyF96, spotify:artist:161mym5juYaMTRpbcVqmFf","Lush & Simon, IZII",2017-05-19,https://i.scdn.co/image/ab67616d0000b27308869ab753a5db996c823e8c,1,1,209360,https://p.scdn.co/mp3-preview/b8dd15fdb9f71b3a6ea9d875238f63ea139905db?cid=9950ac751e34487dbbe027c4fd7f8e99,false,15,DEQ321700126,,2024-02-04T07:12:10Z
spotify:track:6wN2Cefz0WqWGhA332cXhz,You’ll Be Mine,"spotify:artist:1EVWYRr2obCRDoSoD6KSuM, spotify:artist:6cEuCEZu7PAE9ZSzLLc2oQ","Havana Brown, R3HAB",spotify:album:0wF4hX69XYfLIGiQVFrIQl,When The Lights Go Out,spotify:artist:1EVWYRr2obCRDoSoD6KSuM,Havana Brown,2012-01-01,https://i.scdn.co/image/ab67616d0000b273cb65d099e542afbf37e16ee1,1,2,250017,,false,22,AUUM71200704,,2024-02-04T07:12:27Z
spotify:track:4HJK5NyslTbtYRbuS57NQO,More Than A Memory,spotify:artist:6sFIWsNpZYqfjUpaCgueju,Carly Rae Jepsen,spotify:album:6SSSF9Y6MiPdQoxqBptrR2,Kiss,spotify:artist:6sFIWsNpZYqfjUpaCgueju,Carly Rae Jepsen,2012-01-01,https://i.scdn.co/image/ab67616d0000b273d3ee4bf67c2ac2154006ad72,1,6,242026,,false,31,USUM71208962,,2024-02-04T07:12:42Z
spotify:track:50kpGaPAhYJ3sGmk6vplg0,Love Yourself,spotify:artist:1uNFoZAHBGtllmzznpCI3s,Justin Bieber,spotify:album:6Fr2rQkZ383FcMqFyT7yPr,Purpose (Deluxe),spotify:artist:1uNFoZAHBGtllmzznpCI3s,Justin Bieber,2015-11-13,https://i.scdn.co/image/ab67616d0000b273f46b9d202509a8f7384b90de,1,5,233720,,false,84,USUM71516761,,2024-02-04T07:13:22Z
spotify:track:0lYBSQXN6rCTvUZvg9S0lU,Let Me Love You,"spotify:artist:540vIaP2JwjQb9dm3aArA4, spotify:artist:1uNFoZAHBGtllmzznpCI3s","DJ Snake, Justin Bieber",spotify:album:02sEJTj1sye1JaqxqpcSCp,Encore,spotify:artist:540vIaP2JwjQb9dm3aArA4,DJ Snake,2016-08-05,https://i.scdn.co/image/ab67616d0000b273212d776c31027c511f0ee3bc,1,13,205946,,false,86,QMZSY1600015,,2024-02-04T07:13:57Z
spotify:track:2usrT8QIbIk9y0NEtQwS4j,Intro,spotify:artist:3iOvXCl6edW5Um0fXEBRXy,The xx,spotify:album:2av2ZSHlvD7rvLSsMvtYCG,xx,spotify:artist:3iOvXCl6edW5Um0fXEBRXy,The xx,2009-08-16,https://i.scdn.co/image/ab67616d0000b273133244a569a4637f6d11b23d,1,1,127920,https://p.scdn.co/mp3-preview/ae27a98fc6930a4ae132648586b37f89f8411dc2?cid=9950ac751e34487dbbe027c4fd7f8e99,false,71,GBBKS0900196,,2024-02-04T07:18:20Z
spotify:track:5NcYCtoBkAGyxL5SCF64av,Sunburst,"spotify:artist:1feoGrmmD8QmNqtK2Gdwy8, spotify:artist:6fEZjgt9MHR4Hp3MiBRZHX","Tobu, Itro",spotify:album:4yS3vUFIaE2xilaeYz3p9q,Sunburst,"spotify:artist:1feoGrmmD8QmNqtK2Gdwy8, spotify:artist:6fEZjgt9MHR4Hp3MiBRZHX","Tobu, Itro",2014-04-27,https://i.scdn.co/image/ab67616d0000b273cde53a593271675e24b2cb61,1,1,189389,https://p.scdn.co/mp3-preview/018f60645b16b9654973b1b78b2fb946d534c536?cid=9950ac751e34487dbbe027c4fd7f8e99,false,52,GBSMU1664476,,2024-02-04T07:18:33Z
spotify:track:3R8QLaAQnuI6CRZygnQbwZ,Trip,spotify:artist:1f3NYrlm9GpXxMz8XZGEP5,Axero,spotify:album:6eVHooHGMQmt9p9T3MTWVr,Trip,spotify:artist:1f3NYrlm9GpXxMz8XZGEP5,Axero,2015-11-06,https://i.scdn.co/image/ab67616d0000b2736f044fae5568a72f7dfcd522,1,1,188852,https://p.scdn.co/mp3-preview/45435d09eb65b59885d7796832aa9fb34b62d451?cid=9950ac751e34487dbbe027c4fd7f8e99,false,29,GB-SMU-24-00083,,2024-02-04T07:26:40Z
spotify:track:5s7xgzXtmY4gMjeSlgisjy,Easy Love,spotify:artist:1IueXOQyABrMOprrzwQJWN,Sigala,spotify:album:5rr0xAQfk01cPi1N37jX11,Brighter Days,spotify:artist:1IueXOQyABrMOprrzwQJWN,Sigala,2018-09-28,https://i.scdn.co/image/ab67616d0000b273681d6da9a0ab5ff23fadf0f9,1,16,229813,https://p.scdn.co/mp3-preview/823240c03fc067a0174f9009c29c23f460638036?cid=9950ac751e34487dbbe027c4fd7f8e99,false,67,GBCEN1500481,,2024-02-04T07:26:49Z
spotify:track:7i0rkWdlmPjvJMUk66HZzx,XOXO - De Hofnar Remix,"spotify:artist:53cQZtWDwDJwVCNZlfJ6Qk, spotify:artist:1NtMiyzk7AhY2SGkdPkafX, spotify:artist:6U0qpV1jByBImJl8oRFnlQ","Laidback Luke, Ralvero, Ina",spotify:album:0qkfKvGdjgarn1Yi1PcvZe,XOXO (The Remixes),"spotify:artist:53cQZtWDwDJwVCNZlfJ6Qk, spotify:artist:1NtMiyzk7AhY2SGkdPkafX","Laidback Luke, Ralvero",2017-03-20,https://i.scdn.co/image/ab67616d0000b27325cb6778d7a9430944cdfa06,1,5,182571,https://p.scdn.co/mp3-preview/7c2d839258e931b4cc4d6c6696083d6f47afde0b?cid=9950ac751e34487dbbe027c4fd7f8e99,false,1,NLBW51600138,,2024-02-04T07:27:28Z
spotify:track:06KyNuuMOX1ROXRhj787tj,We Don't Talk Anymore (feat. Selena Gomez),"spotify:artist:6VuMaDnrHyPL1p4EHjYLi7, spotify:artist:0C8ZW7ezQVs4URX5aX7Kqx","Charlie Puth, Selena Gomez",spotify:album:5Nwsra93UQYJ6xxcjcE10x,Nine Track Mind,spotify:artist:6VuMaDnrHyPL1p4EHjYLi7,Charlie Puth,2016-01-29,https://i.scdn.co/image/ab67616d0000b273633a2d775747bccfbcb17a45,1,5,217706,https://p.scdn.co/mp3-preview/0af9ac246a60236b73e34854631a6c3de5cca602?cid=9950ac751e34487dbbe027c4fd7f8e99,false,78,USAT21502909,,2024-02-04T07:27:49Z
spotify:track:5JLv62qFIS1DR3zGEcApRt,Wide Awake,spotify:artist:6jJ0s89eD6GaHleKKya26X,Katy Perry,spotify:album:5BvgP623rtvlc0HDcpzquz,Teenage Dream: The Complete Confection,spotify:artist:6jJ0s89eD6GaHleKKya26X,Katy Perry,2012-03-12,https://i.scdn.co/image/ab67616d0000b273937af329667311f4b2831616,1,15,220946,,false,75,USCA21200932,,2024-02-04T07:28:06Z
spotify:track:2VCUcIPY3i6pv9Nu9Vg6k3,ABC,spotify:artist:2iE18Oxc8YSumAU232n4rW,The Jackson 5,spotify:album:1taiwc7i9KsE0GklRJ42HS,The Definitive Collection,spotify:artist:3fMbdgg4jU18AjLCKBhRSm,Michael Jackson,2009-01-01,https://i.scdn.co/image/ab67616d0000b2738c4693bcc43c775189d447ec,1,2,177360,,false,52,USMO17082628,,2024-02-04T07:28:54Z
spotify:track:4OSBTYWVwsQhGLF9NHvIbR,Rolling in the Deep,spotify:artist:4dpARuHxo51G3z768sgnrY,Adele,spotify:album:5duyQokC4FMcWPYTV9Gpf9,21,spotify:artist:4dpARuHxo51G3z768sgnrY,Adele,2011-01-24,https://i.scdn.co/image/ab67616d0000b273164feb363334f93b6458d2a9,1,1,228093,https://p.scdn.co/mp3-preview/d2d7e717c72a4fa08b3a8b22722c7369e8aa587d?cid=9950ac751e34487dbbe027c4fd7f8e99,false,79,GBBKS1000335,,2024-02-04T07:29:26Z
spotify:track:3bNv3VuUOKgrf5hu3YcuRo,Someone Like You,spotify:artist:4dpARuHxo51G3z768sgnrY,Adele,spotify:album:5duyQokC4FMcWPYTV9Gpf9,21,spotify:artist:4dpARuHxo51G3z768sgnrY,Adele,2011-01-24,https://i.scdn.co/image/ab67616d0000b273164feb363334f93b6458d2a9,1,11,285240,https://p.scdn.co/mp3-preview/a79d612cac9b64e900ae937234e2838a88ebc415?cid=9950ac751e34487dbbe027c4fd7f8e99,false,81,GBBKS1000351,,2024-02-04T07:29:26Z
spotify:track:1XGmzt0PVuFgQYYnV2It7A,Payphone,"spotify:artist:04gDigrS5kc9YWfZHwBETP, spotify:artist:137W8MRPWKqSmrBGDBFSop","Maroon 5, Wiz Khalifa",spotify:album:6ijGiBcBfUwkoyHn5VUHU2,Overexposed Track By Track,spotify:artist:04gDigrS5kc9YWfZHwBETP,Maroon 5,2012-01-01,https://i.scdn.co/image/ab67616d0000b273fc8633e22a7dba6aab817bff,1,4,231173,,true,84,USUM71203347,,2024-02-04T07:30:01Z
spotify:track:1QNqrsNQ1JVLEwncov3lEY,True Love (feat. Lily Allen),"spotify:artist:1KCSPY1glIKqW2TotWuXOR, spotify:artist:13saZpZnCDWOI9D4IJhp1f","P!nk, Lily Allen",spotify:album:2Q9oTK48eb85waX1fFJsvj,The Truth About Love,spotify:artist:1KCSPY1glIKqW2TotWuXOR,P!nk,2012-09-18,https://i.scdn.co/image/ab67616d0000b2739d0f0d226987b449808e7b6f,1,5,230733,https://p.scdn.co/mp3-preview/584661dc4de0d2866939648924817bc5051a4454?cid=9950ac751e34487dbbe027c4fd7f8e99,true,66,USRC11200787,,2024-02-19T10:52:34Z
spotify:track:5T7ZFtCcOgkpjxcuaeZbw0,Best Song Ever,spotify:artist:4AK6F7OLvEQ5QYCBNiQWHq,One Direction,spotify:album:7p1fX8aUySrBdx4WSYspOu,Midnight Memories (Deluxe),spotify:artist:4AK6F7OLvEQ5QYCBNiQWHq,One Direction,2013-11-25,https://i.scdn.co/image/ab67616d0000b2732f76b797c382bedcafdf45e1,1,1,200106,https://p.scdn.co/mp3-preview/cc52a4aa531cd779609c29f2759638a34160c361?cid=9950ac751e34487dbbe027c4fd7f8e99,false,77,GBHMU1300102,,2024-02-19T10:38:16Z
spotify:track:2GgxS8bUT5G25QJTsfSv0R,Burn,spotify:artist:0X2BH1fck6amBIoJhDVmmJ,Ellie Goulding,spotify:album:2Dw4fYqDQnxsgoXDdMbqh3,Halcyon Days,spotify:artist:0X2BH1fck6amBIoJhDVmmJ,Ellie Goulding,2014-01-01,https://i.scdn.co/image/ab67616d0000b27360a98c3be4daffefe9014c7e,1,15,231211,,false,63,GBUM71303482,,2024-02-19T10:29:42Z
spotify:track:1gv4xPanImH17bKZ9rOveR,Raise Your Glass,spotify:artist:1KCSPY1glIKqW2TotWuXOR,P!nk,spotify:album:3uQMzfrf4kUNGsCtmTtjPh,Raise Your Glass,spotify:artist:1KCSPY1glIKqW2TotWuXOR,P!nk,2010-10-05,https://i.scdn.co/image/ab67616d0000b2736f3451faa271fbe470685f34,1,1,202960,https://p.scdn.co/mp3-preview/85bdce6320672d2ad29e11eabd15912b73f3b89d?cid=9950ac751e34487dbbe027c4fd7f8e99,true,76,USLF21000090,,2024-01-30T12:48:38Z
spotify:track:1gihuPhrLraKYrJMAEONyc,Feel So Close - Radio Edit,spotify:artist:7CajNmpbOovFoOoasH2HaY,Calvin Harris,spotify:album:7w19PFbxAjwZ7UVNp9z0uT,18 Months,spotify:artist:7CajNmpbOovFoOoasH2HaY,Calvin Harris,2012-10-29,https://i.scdn.co/image/ab67616d0000b273dcef905cb144d4867119850b,1,3,206413,https://p.scdn.co/mp3-preview/b8372b1a0b8d09a5004388a654f29bef6bc37021?cid=9950ac751e34487dbbe027c4fd7f8e99,false,82,GBARL1100748,,2024-01-30T12:03:23Z
spotify:track:1jF7IL57ayN4Ity3jQqGu0,Try,spotify:artist:1KCSPY1glIKqW2TotWuXOR,P!nk,spotify:album:2Q9oTK48eb85waX1fFJsvj,The Truth About Love,spotify:artist:1KCSPY1glIKqW2TotWuXOR,P!nk,2012-09-18,https://i.scdn.co/image/ab67616d0000b2739d0f0d226987b449808e7b6f,1,3,247906,https://p.scdn.co/mp3-preview/5307933144e41502ac08e9227194a12d418e2c28?cid=9950ac751e34487dbbe027c4fd7f8e99,false,80,USRC11200785,,2024-01-30T09:33:33Z
spotify:track:3H6A9lNT4JkpOSUy9vOzjy,那些花兒,spotify:artist:6lJ36ifxOD2oUsdMdLRPN4,朴樹,spotify:album:5MXApzS7FdKbHoVRK6IDtw,我去2000年,spotify:artist:6lJ36ifxOD2oUsdMdLRPN4,朴樹,1999-01-01,https://i.scdn.co/image/ab67616d0000b2732a2eb00100a85c104d0c5ae7,1,4,295373,https://p.scdn.co/mp3-preview/8b2d4f68e5d324e16686c517e58df7fd74fc2376?cid=9950ac751e34487dbbe027c4fd7f8e99,false,36,CNZ171500590,,2024-01-30T09:15:39Z
spotify:track:1NDxZ7cFAo481dtYWdrUnR,Pretty Girl - Cheat Codes X CADE Remix,"spotify:artist:0uGk2czvcpWQA383Im6ajf, spotify:artist:7DMveApC7UnC2NPfPvlHSU, spotify:artist:0CEK8AzyeD5ZUdUloB6yQV","Maggie Lindemann, Cheat Codes, CADE",spotify:album:1XYA8eDvomdYTbQBzk0jT1,Pretty Girl (Cheat Codes X CADE Remix),"spotify:artist:0uGk2czvcpWQA383Im6ajf, spotify:artist:0CEK8AzyeD5ZUdUloB6yQV, spotify:artist:7DMveApC7UnC2NPfPvlHSU","Maggie Lindemann, CADE, Cheat Codes",2017-03-02,https://i.scdn.co/image/ab67616d0000b2737c7436e1b6273be0e7bc1a84,1,1,193613,https://p.scdn.co/mp3-preview/4d3b53aa5ac76080ebeae0177eb57117ddd1a898?cid=9950ac751e34487dbbe027c4fd7f8e99,true,65,QMCE31701175,,2024-01-30T09:12:45Z
spotify:track:79UX8fkSsowWI1HOd8VoYt,Friend Of Mine (feat. Vargas & Lagola),"spotify:artist:1vCWHaC5f2uS3yhpwWbIA6, spotify:artist:2fVW2ix4ANKiofDZIsy1XR","Avicii, Vargas & Lagola",spotify:album:1m3mf7xkXIwssVriaaTjOS,AVĪCI (01),spotify:artist:1vCWHaC5f2uS3yhpwWbIA6,Avicii,2017-08-10,https://i.scdn.co/image/ab67616d0000b273a26cc58b4d64c2ece3376389,1,1,159863,,false,50,SE5R71700103,,2024-01-30T09:11:44Z
spotify:track:2ewEh7LuvToYyGHq7yT8N1,Shelter,"spotify:artist:3dz0NnIZhtKKeXZxLOxCam, spotify:artist:4pb4rqWSoGUgxm63xmJ8xc","Porter Robinson, Madeon",spotify:album:2vVfxcvBQAGnEKM3zM0zxw,Shelter,"spotify:artist:3dz0NnIZhtKKeXZxLOxCam, spotify:artist:4pb4rqWSoGUgxm63xmJ8xc","Porter Robinson, Madeon",2016-08-12,https://i.scdn.co/image/ab67616d0000b2731a5eb771120e2ee3f6a44ed7,1,1,218964,https://p.scdn.co/mp3-preview/50c7dbdb7d3e86153d7cc2b2ba28fad29fa0ce6e?cid=9950ac751e34487dbbe027c4fd7f8e99,false,62,QMUY41600040,,2024-01-30T09:11:29Z
spotify:track:1xGeLehBZrhCGpyUFUjita,Beating Me Up,spotify:artist:3QLIkT4rD2FMusaqmkepbq,Rachel Platten,spotify:album:0mFDIOqypzHp6Xd0el1hoT,Wildfire,spotify:artist:3QLIkT4rD2FMusaqmkepbq,Rachel Platten,2016-01-01,https://i.scdn.co/image/ab67616d0000b273a9e4d7fae5dfcc8f9cc96bc9,1,4,189253,https://p.scdn.co/mp3-preview/9df9f0fd50f2a44fcd003c086bc58a5f7ddecd5f?cid=9950ac751e34487dbbe027c4fd7f8e99,false,33,USSM11503598,,2024-01-30T09:11:13Z
spotify:track:5tbmSYRtJBVt4VaAsUlY0r,Life,spotify:artist:1feoGrmmD8QmNqtK2Gdwy8,Tobu,spotify:album:4vU6itDGVU4IFY5h7NESR0,Life,spotify:artist:1feoGrmmD8QmNqtK2Gdwy8,Tobu,2014-06-01,https://i.scdn.co/image/ab67616d0000b273f1acfed3820d3f804d855c68,1,1,204432,https://p.scdn.co/mp3-preview/03a5a7ab74267a5a41a39a3c1909ff3db9070ba8?cid=9950ac751e34487dbbe027c4fd7f8e99,false,40,GBSMU1701923,,2024-01-30T09:05:24Z
spotify:track:1nInOsHbtotAmEOQhtvnzP,Stronger (What Doesn't Kill You),spotify:artist:3BmGtnKgCSGYIUhmivXKWX,Kelly Clarkson,spotify:album:0VmE95pr5TSpZWucfyhO5e,Stronger (Deluxe Version),spotify:artist:3BmGtnKgCSGYIUhmivXKWX,Kelly Clarkson,2011-10-24,https://i.scdn.co/image/ab67616d0000b273af384269742c6b04308c1be8,1,2,221946,https://p.scdn.co/mp3-preview/4956c3edb0a79489adc21e2d16eb8f7880c94d36?cid=9950ac751e34487dbbe027c4fd7f8e99,false,75,GBCTA1100364,,2024-01-30T08:58:17Z
spotify:track:7oUHzZKNKUTrlU7DYxhQ7v,Maps,spotify:artist:04gDigrS5kc9YWfZHwBETP,Maroon 5,spotify:album:6LtzdMGhOCh9s6sssWrpuD,V (Asia Tour Edition),spotify:artist:04gDigrS5kc9YWfZHwBETP,Maroon 5,2015-05-18,https://i.scdn.co/image/ab67616d0000b27337677af5b4f23fe9dc8a3c04,1,1,189960,,false,71,USUM71407116,,2024-01-30T08:58:03Z
spotify:track:5VhOzJP90EG1YWmozajNWf,Locked Away,spotify:artist:2wNlZ2Vp23Sbv1DHgizbCb,Tiffany Alvord,spotify:album:50NZ9IyXEjH0Bh4M59Bhp3,I’ve Got It Covered Vol. 6,spotify:artist:2wNlZ2Vp23Sbv1DHgizbCb,Tiffany Alvord,2016-01-06,https://i.scdn.co/image/ab67616d0000b27353f01f4e8f0a24b6505a48a1,1,4,210000,https://p.scdn.co/mp3-preview/b97dca887d094ee1f695a2b48bdaae338012e6c2?cid=9950ac751e34487dbbe027c4fd7f8e99,false,18,GBDMT1500305,,2024-01-30T08:53:24Z
spotify:track:1EV9aadh7iTZetS5L7jcu9,Maria,spotify:artist:5qMkh0MtptmH5XKinOnFom,김아중,spotify:album:5XUYDlbeJCIFSCekufQiZb,미녀는 괴로워 Original Motion picture Soundtrack,spotify:artist:0LyfQWJT6nXafLPZqxe9Of,群星,2006-12-12,https://i.scdn.co/image/ab67616d0000b2734e0beba9fb519b91d5485ef9,1,3,187686,https://p.scdn.co/mp3-preview/5e94a3204ed75fd66b783c781bdbe20068c1e64f?cid=9950ac751e34487dbbe027c4fd7f8e99,false,0,KRA341752246,,2024-01-30T08:52:56Z
spotify:track:35GR4Q1LmvUKIiwJZ3Dxte,一萬次悲傷,spotify:artist:3eJTjQEMzEeoS4n6aJXhKM,逃跑計劃,spotify:album:21lLRacsbXvUovunKge8xU,世界,spotify:artist:3eJTjQEMzEeoS4n6aJXhKM,逃跑計劃,2012-01-01,https://i.scdn.co/image/ab67616d0000b273f2598492ec9212f4dc3dab29,1,4,255506,https://p.scdn.co/mp3-preview/97d085af5966a69b3102aa8d5c076fc802fedba2?cid=9950ac751e34487dbbe027c4fd7f8e99,false,45,CNZ502001759,,2024-01-30T08:40:17Z
spotify:track:2IDlW9x3hCK9RUi4revUpo,Change your world（live）,spotify:artist:7qJmFr579WC8MMGj4PiWdu,張靚穎,spotify:album:0HhhPTdLbn1TgCPbF0VUa1,BANG THE WORLD巡迴演唱會,spotify:artist:7qJmFr579WC8MMGj4PiWdu,張靚穎,2017-03-29,https://i.scdn.co/image/ab67616d0000b27363e31d983803546e052d5707,1,21,264478,https://p.scdn.co/mp3-preview/81a1cc64420ec111bbcc83e23e1ed8f709ac26ab?cid=9950ac751e34487dbbe027c4fd7f8e99,false,0,TWDL71701114,,2024-01-30T08:37:46Z
spotify:track:6fKEplI9iN0JMHsRGQESaT,Firebird,spotify:artist:4sTQVOfp9vEMCemLw50sbu,Galantis,spotify:album:4QcXq4vTVN7dFb7bZa9jG2,Pharmacy,spotify:artist:4sTQVOfp9vEMCemLw50sbu,Galantis,2015-06-05,https://i.scdn.co/image/ab67616d0000b2732b517912fd69652ff10d8e11,1,10,248280,https://p.scdn.co/mp3-preview/4d6ca7417d2d2d4d35c1f396293d095afe061abc?cid=9950ac751e34487dbbe027c4fd7f8e99,false,44,USAT21500651,,2024-01-30T08:31:54Z
spotify:track:0K7Dd9DP6fvOl0mrlX0aUa,Rich Boy,spotify:artist:4sTQVOfp9vEMCemLw50sbu,Galantis,spotify:album:0Im9DNZw6k6bG5tjxKToPc,Rich Boy,spotify:artist:4sTQVOfp9vEMCemLw50sbu,Galantis,2017-02-16,https://i.scdn.co/image/ab67616d0000b2731dfd16b12abf84b86d7002cc,1,1,183784,https://p.scdn.co/mp3-preview/88f6bee4aea099f93a819e5b65792addd38fe276?cid=9950ac751e34487dbbe027c4fd7f8e99,false,40,USAT21700057,,2024-01-30T08:31:38Z
spotify:track:698ItKASDavgwZ3WjaWjtz,Faded,spotify:artist:7vk5e3vY1uw9plTHJAMwjN,Alan Walker,spotify:album:3nzuGtN3nXARvvecier4K0,Different World,spotify:artist:7vk5e3vY1uw9plTHJAMwjN,Alan Walker,2018-12-14,https://i.scdn.co/image/ab67616d0000b273a108e07c661f9fc54de9c43a,1,15,212106,https://p.scdn.co/mp3-preview/dd79198f4b4c43aef9c8e8e1c4708a402862dd0e?cid=9950ac751e34487dbbe027c4fd7f8e99,false,80,NOG841549010,,2024-01-30T08:29:07Z
spotify:track:4LsMjCB4qt4RnWcJBiHrA6,ALWAYS,spotify:artist:1Do4bSzfUl0KWL9r1fITu0,YOON MIRAE,spotify:album:1jLD6zV1si5YCQ7y1oI2hu,Descendants Of The Sun Pt.1 (Original Television Soundtrack),spotify:artist:1Do4bSzfUl0KWL9r1fITu0,YOON MIRAE,2016-02-18,https://i.scdn.co/image/ab67616d0000b273cca9a8b22dfed612aa557035,1,1,205192,https://p.scdn.co/mp3-preview/d86a218706116ff7ad9bc8bb2731f8d1fbe71e3c?cid=9950ac751e34487dbbe027c4fd7f8e99,false,62,KRA341608823,,2024-01-30T08:25:08Z
spotify:track:6HSXNV0b4M4cLJ7ljgVVeh,Knockin' On Heaven's Door,spotify:artist:74ASZWbe4lXaubB36ztrGX,Bob Dylan,spotify:album:2Pj2kZM5XpyIeyFBTAVulL,Pat Garrett & Billy The Kid (Soundtrack From The Motion Picture),spotify:artist:74ASZWbe4lXaubB36ztrGX,Bob Dylan,1973-07-13,https://i.scdn.co/image/ab67616d0000b2736c86683d20c72e3874c11c6d,1,7,149880,https://p.scdn.co/mp3-preview/b1fb2e0d90764724242501e5a0c3c2393698d499?cid=9950ac751e34487dbbe027c4fd7f8e99,false,82,USSM11304547,,2023-12-28T09:45:18Z
spotify:track:4kLLWz7srcuLKA7Et40PQR,I Gotta Feeling,spotify:artist:1yxSLGMDHlW21z4YXirZDS,Black Eyed Peas,spotify:album:1dgbFU08pXJXZhGPlybdMX,THE E.N.D. (THE ENERGY NEVER DIES) [Deluxe Version],spotify:artist:1yxSLGMDHlW21z4YXirZDS,Black Eyed Peas,2009-01-01,https://i.scdn.co/image/ab67616d0000b2730bd44f5ff9ecc99f7770acc5,1,5,289133,,false,82,USUM70965169,,2023-12-28T09:31:02Z
spotify:track:6epn3r7S14KUqlReYr77hA,Baby,"spotify:artist:1uNFoZAHBGtllmzznpCI3s, spotify:artist:3ipn9JLAPI5GUEo4y4jcoi","Justin Bieber, Ludacris",spotify:album:3BmcYMh0KYsimWL6p2gPa9,My World 2.0,spotify:artist:1uNFoZAHBGtllmzznpCI3s,Justin Bieber,2010-01-01,https://i.scdn.co/image/ab67616d0000b273629dc9e2e3bc20bbd7d92e4a,1,1,214240,,false,83,USUM70919263,,2023-12-28T09:30:49Z
spotify:track:2tpWsVSb9UEmDRxAl1zhX1,Counting Stars,spotify:artist:5Pwc4xIPtQLFEnJriah9YJ,OneRepublic,spotify:album:20lOt6G8MHv8ZO7ViOmiP7,Native,spotify:artist:5Pwc4xIPtQLFEnJriah9YJ,OneRepublic,2013-01-01,https://i.scdn.co/image/ab67616d0000b2739e2f95ae77cf436017ada9cb,1,1,257265,,false,86,USUM71301306,,2023-12-28T09:30:08Z
spotify:track:7xoUc6faLbCqZO6fQEYprd,One Last Time,spotify:artist:66CXWjxzNUsdJxJ2JdwvnR,Ariana Grande,spotify:album:6EVYTRG1drKdO8OnIQBeEj,My Everything (Deluxe),spotify:artist:66CXWjxzNUsdJxJ2JdwvnR,Ariana Grande,2014-08-22,https://i.scdn.co/image/ab67616d0000b273deec12a28d1e336c5052e9aa,1,3,197266,,false,84,USUM71409723,,2023-12-28T09:29:28Z
spotify:track:5ka2ajep9OAvU5Sgduhiex,Applause,spotify:artist:1HY2Jd0NmPuamShAr6KMms,Lady Gaga,spotify:album:2eRJUtI7nXrQ5uYQ7tzTo9,ARTPOP,spotify:artist:1HY2Jd0NmPuamShAr6KMms,Lady Gaga,2013-11-11,https://i.scdn.co/image/ab67616d0000b2737da123c944790bfab54b2522,1,14,212333,,false,78,USUM71310271,,2023-12-08T11:16:58Z
spotify:track:02XnQdf7sipaKBBHixz3Zp,Paparazzi,spotify:artist:1HY2Jd0NmPuamShAr6KMms,Lady Gaga,spotify:album:1qwlxZTNLe1jq3b0iidlue,The Fame,spotify:artist:1HY2Jd0NmPuamShAr6KMms,Lady Gaga,2008-01-01,https://i.scdn.co/image/ab67616d0000b273e691217483df8798445c82e2,1,3,208306,,true,79,USUM70824408,,2023-12-08T10:57:46Z
spotify:track:1IIV8jglA0klVZy17q665k,Never Really Over,spotify:artist:6jJ0s89eD6GaHleKKya26X,Katy Perry,spotify:album:47zMF6LrXQ8odi6Xv1unC0,Smile,spotify:artist:6jJ0s89eD6GaHleKKya26X,Katy Perry,2020-08-28,https://i.scdn.co/image/ab67616d0000b2735ebe6cbd74a47a5e8ea88985,1,1,223297,,false,62,USUM71901873,,2023-12-08T10:50:46Z
spotify:track:7GCElX2eJA5t0AFWw3WzKn,This Is How We Do,spotify:artist:6jJ0s89eD6GaHleKKya26X,Katy Perry,spotify:album:3jB9yFDwRe3KhtGnHXJntk,PRISM,spotify:artist:6jJ0s89eD6GaHleKKya26X,Katy Perry,2013-01-01,https://i.scdn.co/image/ab67616d0000b2731e9a057052d59004caf47e22,1,7,204285,,false,60,USUM71311297,,2023-12-08T10:39:59Z
spotify:track:6L89mwZXSOwYl76YXfX13s,Basket Case,spotify:artist:7oPftvlwr6VrsViSDV7fJY,Green Day,spotify:album:4uG8q3GPuWHQlRbswMIRS6,Dookie,spotify:artist:7oPftvlwr6VrsViSDV7fJY,Green Day,1994-02-01,https://i.scdn.co/image/ab67616d0000b273db89b08034de626ebee6823d,1,7,181533,https://p.scdn.co/mp3-preview/f055a866d726bac8593f15953d772c631505df7e?cid=9950ac751e34487dbbe027c4fd7f8e99,false,83,USRE19900151,,2023-12-07T09:36:04Z
spotify:track:6nTiIhLmQ3FWhvrGafw2zj,American Idiot,spotify:artist:7oPftvlwr6VrsViSDV7fJY,Green Day,spotify:album:5dN7F9DV0Qg1XRdIgW8rke,American Idiot,spotify:artist:7oPftvlwr6VrsViSDV7fJY,Green Day,2004-09-21,https://i.scdn.co/image/ab67616d0000b27308a1b1e0674086d3f1995e1b,1,1,176346,https://p.scdn.co/mp3-preview/2e9359e821b18414235d870a4d2671f4337c8682?cid=9950ac751e34487dbbe027c4fd7f8e99,true,81,USRE10400888,,2023-12-07T09:36:03Z
spotify:track:3ZffCQKLFLUvYM59XKLbVm,Wake Me up When September Ends,spotify:artist:7oPftvlwr6VrsViSDV7fJY,Green Day,spotify:album:5dN7F9DV0Qg1XRdIgW8rke,American Idiot,spotify:artist:7oPftvlwr6VrsViSDV7fJY,Green Day,2004-09-21,https://i.scdn.co/image/ab67616d0000b27308a1b1e0674086d3f1995e1b,1,7,285653,https://p.scdn.co/mp3-preview/acf215c01932347394d036999c4f0f12e9fcb66a?cid=9950ac751e34487dbbe027c4fd7f8e99,false,81,USRE10400992,,2023-12-07T09:36:01Z
spotify:track:1oSf1wVBtSLN4DGl6VBu37,Tiny Little Bows,spotify:artist:6sFIWsNpZYqfjUpaCgueju,Carly Rae Jepsen,spotify:album:6SSSF9Y6MiPdQoxqBptrR2,Kiss,spotify:artist:6sFIWsNpZYqfjUpaCgueju,Carly Rae Jepsen,2012-01-01,https://i.scdn.co/image/ab67616d0000b273d3ee4bf67c2ac2154006ad72,1,1,201560,,false,29,USUM71208965,,2023-12-07T09:35:17Z
spotify:track:2tJulUYLDKOg9XrtVkMgcJ,Grenade,spotify:artist:0du5cEVh5yTK9QJze8zA0C,Bruno Mars,spotify:album:1uyf3l2d4XYwiEqAb7t7fX,Doo-Wops & Hooligans,spotify:artist:0du5cEVh5yTK9QJze8zA0C,Bruno Mars,2010-05-11,https://i.scdn.co/image/ab67616d0000b273f6b55ca93bd33211227b502b,1,1,222091,https://p.scdn.co/mp3-preview/5221be592c832e14506f6304ff1deb6c52ae3fee?cid=9950ac751e34487dbbe027c4fd7f8e99,false,76,USAT21001883,,2023-12-07T08:53:09Z
spotify:track:7BqBn9nzAq8spo5e7cZ0dJ,Just the Way You Are,spotify:artist:0du5cEVh5yTK9QJze8zA0C,Bruno Mars,spotify:album:1uyf3l2d4XYwiEqAb7t7fX,Doo-Wops & Hooligans,spotify:artist:0du5cEVh5yTK9QJze8zA0C,Bruno Mars,2010-05-11,https://i.scdn.co/image/ab67616d0000b273f6b55ca93bd33211227b502b,1,2,220734,https://p.scdn.co/mp3-preview/6d1a901b10c7dc609d4c8628006b04bc6e672be8?cid=9950ac751e34487dbbe027c4fd7f8e99,false,84,USAT21001269,,2023-12-07T08:53:05Z
spotify:track:3vmrjbeOFfDFqGmBKie5Dz,Tug Of War,spotify:artist:6sFIWsNpZYqfjUpaCgueju,Carly Rae Jepsen,spotify:album:3ahsqOBQl7gs4e8sKfNai7,Tug Of War,spotify:artist:6sFIWsNpZYqfjUpaCgueju,Carly Rae Jepsen,2008-09-30,https://i.scdn.co/image/ab67616d0000b2730b94bcd5cc1332a8b42174ab,1,2,224786,https://p.scdn.co/mp3-preview/714cb47afed93f792a1eb758cbcf097942641cd8?cid=9950ac751e34487dbbe027c4fd7f8e99,false,28,CAJC70800002,,2023-12-07T08:44:51Z
spotify:track:6HkNDcyWdnFXCBkDV5WXNO,Call Me Maybe,spotify:artist:6sFIWsNpZYqfjUpaCgueju,Carly Rae Jepsen,spotify:album:2b7YLRzJwtSZeCjjpPxlVy,Call Me Maybe,spotify:artist:6sFIWsNpZYqfjUpaCgueju,Carly Rae Jepsen,2012-01-01,https://i.scdn.co/image/ab67616d0000b27327c16260efe3c0ca64bf0ffc,1,1,193866,,false,41,CAB391100615,,2023-12-07T08:44:45Z
spotify:track:5VTU1Gmpy0XJsOvDArfykr,Your Heart Is A Muscle,spotify:artist:6sFIWsNpZYqfjUpaCgueju,Carly Rae Jepsen,spotify:album:6SSSF9Y6MiPdQoxqBptrR2,Kiss,spotify:artist:6sFIWsNpZYqfjUpaCgueju,Carly Rae Jepsen,2012-01-01,https://i.scdn.co/image/ab67616d0000b273d3ee4bf67c2ac2154006ad72,1,12,229626,,false,25,USUM71208967,,2023-12-07T08:43:54Z
spotify:track:2d5SLxED4RIdjnAfbpTcYw,Turn Me Up,spotify:artist:6sFIWsNpZYqfjUpaCgueju,Carly Rae Jepsen,spotify:album:6SSSF9Y6MiPdQoxqBptrR2,Kiss,spotify:artist:6sFIWsNpZYqfjUpaCgueju,Carly Rae Jepsen,2012-01-01,https://i.scdn.co/image/ab67616d0000b273d3ee4bf67c2ac2154006ad72,1,7,224120,,false,31,USUM71208955,,2023-12-07T08:43:49Z
spotify:track:3vW4LHqr8cFLef8BZLaDZS,Good Time,"spotify:artist:07QEuhtrNmmZ0zEcqE9SF6, spotify:artist:6sFIWsNpZYqfjUpaCgueju","Owl City, Carly Rae Jepsen",spotify:album:6SSSF9Y6MiPdQoxqBptrR2,Kiss,spotify:artist:6sFIWsNpZYqfjUpaCgueju,Carly Rae Jepsen,2012-01-01,https://i.scdn.co/image/ab67616d0000b273d3ee4bf67c2ac2154006ad72,1,5,205120,,false,42,USUM71206288,,2023-12-07T08:43:46Z
spotify:track:3ETNNgXalz498B23dZkGcJ,Curiosity,spotify:artist:6sFIWsNpZYqfjUpaCgueju,Carly Rae Jepsen,spotify:album:6SSSF9Y6MiPdQoxqBptrR2,Kiss,spotify:artist:6sFIWsNpZYqfjUpaCgueju,Carly Rae Jepsen,2012-01-01,https://i.scdn.co/image/ab67616d0000b273d3ee4bf67c2ac2154006ad72,1,4,213120,,false,35,USUM71208956,,2023-12-07T08:43:44Z
spotify:track:0HPD5WQqrq7wPWR7P7Dw1i,TiK ToK,spotify:artist:6LqNN22kT3074XbTVUrhzX,Kesha,spotify:album:6fpLLJsDSSAlToEDW2jv4F,Animal (Expanded Edition),spotify:artist:6LqNN22kT3074XbTVUrhzX,Kesha,2010-01-01,https://i.scdn.co/image/ab67616d0000b273142e5c0e611841b87c2dc533,1,2,199693,https://p.scdn.co/mp3-preview/ea95bec21bd6c4979cc91f5d5528b533d879905c?cid=9950ac751e34487dbbe027c4fd7f8e99,false,84,USRC10900433,,2023-12-07T06:58:40Z
spotify:track:3lXekiVK1ZPZbKconsys73,The Story Of Us,spotify:artist:06HL4z0CvFAxyc27GXpf02,Taylor Swift,spotify:album:6Ar2o9KCqcyYF9J0aQP3au,Speak Now,spotify:artist:06HL4z0CvFAxyc27GXpf02,Taylor Swift,2010-10-25,https://i.scdn.co/image/ab67616d0000b273d0eae3c1661a96570f0ca7bd,1,7,265680,,false,52,GBUM71027839,,2023-12-07T06:57:39Z
spotify:track:46NGAvL695VnbcSeTmQWmM,Sparks Fly,spotify:artist:06HL4z0CvFAxyc27GXpf02,Taylor Swift,spotify:album:6Ar2o9KCqcyYF9J0aQP3au,Speak Now,spotify:artist:06HL4z0CvFAxyc27GXpf02,Taylor Swift,2010-10-25,https://i.scdn.co/image/ab67616d0000b273d0eae3c1661a96570f0ca7bd,1,2,260946,,false,56,USCJY1003656,,2023-12-07T06:57:34Z
spotify:track:1yG491M3fRfowMdGN5pey4,Begin Again,spotify:artist:06HL4z0CvFAxyc27GXpf02,Taylor Swift,spotify:album:1KVKqWeRuXsJDLTW0VuD29,Red (Deluxe Edition),spotify:artist:06HL4z0CvFAxyc27GXpf02,Taylor Swift,2012-10-22,https://i.scdn.co/image/ab67616d0000b273254c8a09649551438b20f4c0,1,16,239426,,false,49,USCJY1231045,,2023-12-07T06:57:27Z
spotify:track:0F2S1QlnMaOfmNHIgmES3k,Stay Stay Stay,spotify:artist:06HL4z0CvFAxyc27GXpf02,Taylor Swift,spotify:album:1KVKqWeRuXsJDLTW0VuD29,Red (Deluxe Edition),spotify:artist:06HL4z0CvFAxyc27GXpf02,Taylor Swift,2012-10-22,https://i.scdn.co/image/ab67616d0000b273254c8a09649551438b20f4c0,1,9,205853,,false,46,USCJY1231023,,2023-12-07T06:57:22Z
spotify:track:3WC5CVAahvn98hiseoIvbw,22,spotify:artist:06HL4z0CvFAxyc27GXpf02,Taylor Swift,spotify:album:1KVKqWeRuXsJDLTW0VuD29,Red (Deluxe Edition),spotify:artist:06HL4z0CvFAxyc27GXpf02,Taylor Swift,2012-10-22,https://i.scdn.co/image/ab67616d0000b273254c8a09649551438b20f4c0,1,6,232120,,false,59,USCJY1231040,,2023-12-07T06:57:20Z
spotify:track:7gJtmLyPTwKzhGzMBXtuXH,Red,spotify:artist:06HL4z0CvFAxyc27GXpf02,Taylor Swift,spotify:album:1KVKqWeRuXsJDLTW0VuD29,Red (Deluxe Edition),spotify:artist:06HL4z0CvFAxyc27GXpf02,Taylor Swift,2012-10-22,https://i.scdn.co/image/ab67616d0000b273254c8a09649551438b20f4c0,1,2,223093,,false,58,USCJY1231020,,2023-12-07T06:57:14Z
spotify:track:5gRYrtvyVyaCRvLt56OfuV,I Wish You Would,spotify:artist:06HL4z0CvFAxyc27GXpf02,Taylor Swift,spotify:album:1yGbNOtRIgdIiGHOEBaZWf,1989 (Deluxe),spotify:artist:06HL4z0CvFAxyc27GXpf02,Taylor Swift,2014-01-01,https://i.scdn.co/image/ab67616d0000b27352b2a3824413eefe9e33817a,1,7,207440,,false,56,USCJY1431359,,2023-12-07T06:56:55Z
spotify:track:4A4A6dwl5DqdqrZaEtKGPR,Wildest Dreams,spotify:artist:06HL4z0CvFAxyc27GXpf02,Taylor Swift,spotify:album:1yGbNOtRIgdIiGHOEBaZWf,1989 (Deluxe),spotify:artist:06HL4z0CvFAxyc27GXpf02,Taylor Swift,2014-01-01,https://i.scdn.co/image/ab67616d0000b27352b2a3824413eefe9e33817a,1,9,220440,,false,55,USCJY1431379,,2023-12-07T06:56:50Z
spotify:track:3nRmDz7qGCvsMS30rGGY0x,Welcome To New York,spotify:artist:06HL4z0CvFAxyc27GXpf02,Taylor Swift,spotify:album:1yGbNOtRIgdIiGHOEBaZWf,1989 (Deluxe),spotify:artist:06HL4z0CvFAxyc27GXpf02,Taylor Swift,2014-01-01,https://i.scdn.co/image/ab67616d0000b27352b2a3824413eefe9e33817a,1,1,212600,,false,52,USCJY1431299,,2023-12-07T06:56:46Z
spotify:track:6yARPLK0PV4heEyh7pVMGz,Part Of Me,spotify:artist:6jJ0s89eD6GaHleKKya26X,Katy Perry,spotify:album:4zLOhyT4XIzyyl7KoSHWcE,Teenage Dream: The Complete Confection,spotify:artist:6jJ0s89eD6GaHleKKya26X,Katy Perry,2012-01-01,https://i.scdn.co/image/ab67616d0000b273a56dc57d708c7b62db950105,1,14,216160,,false,71,USCA21102809,,2023-12-07T00:41:35Z
spotify:track:0FDzzruyVECATHXKHFs9eJ,A Sky Full of Stars,spotify:artist:4gzpq5DPGxSnKTe4SA8HAU,Coldplay,spotify:album:2G4AUqfwxcV1UdQjm2ouYr,Ghost Stories,spotify:artist:4gzpq5DPGxSnKTe4SA8HAU,Coldplay,2014-05-16,https://i.scdn.co/image/ab67616d0000b273e5a95573f1b91234630fd2cf,1,8,267866,https://p.scdn.co/mp3-preview/870ebba9927cd7c73467fc5772f398a8a8999344?cid=9950ac751e34487dbbe027c4fd7f8e99,false,86,GBAYE1400217,,2023-12-07T00:32:58Z
spotify:track:0cqRj7pUJDkTCEsJkx8snD,Shake It Off,spotify:artist:06HL4z0CvFAxyc27GXpf02,Taylor Swift,spotify:album:1yGbNOtRIgdIiGHOEBaZWf,1989 (Deluxe),spotify:artist:06HL4z0CvFAxyc27GXpf02,Taylor Swift,2014-01-01,https://i.scdn.co/image/ab67616d0000b27352b2a3824413eefe9e33817a,1,6,219200,,false,81,USCJY1431349,,2023-12-06T11:37:59Z
spotify:track:009ImBOrIUlWgla8U05RAC,Unconditionally,spotify:artist:6jJ0s89eD6GaHleKKya26X,Katy Perry,spotify:album:3jB9yFDwRe3KhtGnHXJntk,PRISM,spotify:artist:6jJ0s89eD6GaHleKKya26X,Katy Perry,2013-01-01,https://i.scdn.co/image/ab67616d0000b2731e9a057052d59004caf47e22,1,5,228878,,false,77,USUM71311295,,2023-12-06T11:07:56Z
spotify:track:3cuGik6VFOpDNWW4yFqnl9,Wake (Live),"spotify:artist:7m4gF38CPATtHrk5HS42WZ, spotify:artist:3D04fb59z3ANxVaeHBfxtW","Hillsong Young & Free, TAYA",spotify:album:6zAWsUQxIUhLIdHCnZ6qXM,We Are Young & Free,spotify:artist:7m4gF38CPATtHrk5HS42WZ,Hillsong Young & Free,2013-10-01,https://i.scdn.co/image/ab67616d0000b273cefa9ff31f38a09caf2db670,1,3,275573,https://p.scdn.co/mp3-preview/8f0c0594f4a25228cd1f6e3bdbef25d15ea23805?cid=9950ac751e34487dbbe027c4fd7f8e99,false,46,AUHS01305779,,2023-12-06T09:50:18Z
spotify:track:6Pgkp4qUoTmJIPn7ReaGxL,Without You (feat. Sandro Cavazza),"spotify:artist:1vCWHaC5f2uS3yhpwWbIA6, spotify:artist:5JYo7gm2dkyLLlWHjxS7Dy","Avicii, Sandro Cavazza",spotify:album:1m3mf7xkXIwssVriaaTjOS,AVĪCI (01),spotify:artist:1vCWHaC5f2uS3yhpwWbIA6,Avicii,2017-08-10,https://i.scdn.co/image/ab67616d0000b273a26cc58b4d64c2ece3376389,1,4,181672,,true,72,SE5R71700101,,2023-12-06T09:48:52Z
spotify:track:0lHAMNU8RGiIObScrsRgmP,Titanium (feat. Sia),"spotify:artist:1Cs0zKBU1kc0i8ypK3B9ai, spotify:artist:5WUlDfRSoLAfcVSX1WnrxN","David Guetta, Sia",spotify:album:5aprcHwM1KJhaY9Kbxkfkn,Nothing but the Beat 2.0,spotify:artist:1Cs0zKBU1kc0i8ypK3B9ai,David Guetta,2011-08-24,https://i.scdn.co/image/ab67616d0000b273a197a2ef3ad6704d1f44aa4e,1,1,245040,https://p.scdn.co/mp3-preview/6c3e9bbcebdbfa7875c6a56c2bb4da2a870c250b?cid=9950ac751e34487dbbe027c4fd7f8e99,false,71,GB28K1100036,,2023-12-06T09:45:24Z
spotify:track:4dvjEKAqEvJa80MPFMLMf2,We Found Love,spotify:artist:5A4Y3bNCidVYXfJF2wpTm2,In A Hopeless Place,spotify:album:4vGgZbHw4oqk7hprw8i0Sv,We Found Love (In A Hopeless Place),spotify:artist:5A4Y3bNCidVYXfJF2wpTm2,In A Hopeless Place,2011-10-03,https://i.scdn.co/image/ab67616d0000b27349a10481a65f80a9300fb999,1,1,215742,https://p.scdn.co/mp3-preview/c405d3e9f9ef482eef74a104fb593a6781f86db2?cid=9950ac751e34487dbbe027c4fd7f8e99,false,52,USQY51160287,,2023-12-06T09:45:21Z
spotify:track:7BKLCZ1jbUBVqRi2FVlTVw,Closer,"spotify:artist:69GGBxA162lTqCwzJG5jLp, spotify:artist:26VFTg2z8YR0cCuwLzESi2","The Chainsmokers, Halsey",spotify:album:0rSLgV8p5FzfnqlEk4GzxE,Closer,"spotify:artist:69GGBxA162lTqCwzJG5jLp, spotify:artist:26VFTg2z8YR0cCuwLzESi2","The Chainsmokers, Halsey",2016-07-29,https://i.scdn.co/image/ab67616d0000b273495ce6da9aeb159e94eaa453,1,1,244960,https://p.scdn.co/mp3-preview/cfd565c4d3c621771e6d25d99749b9fc200e396c?cid=9950ac751e34487dbbe027c4fd7f8e99,false,86,USQX91601347,,2023-12-06T09:45:20Z
spotify:track:5rgy6ghBq1eRApCkeUdJXf,We Are Young (feat. Janelle Monáe),"spotify:artist:5nCi3BB41mBaMH9gfr6Su0, spotify:artist:6ueGR6SWhUJfvEhqkvMsVs","fun., Janelle Monáe",spotify:album:7m7F7SQ3BXvIpvOgjW51Gp,Some Nights,spotify:artist:5nCi3BB41mBaMH9gfr6Su0,fun.,2012-02-14,https://i.scdn.co/image/ab67616d0000b273a036e1724bc7f2bab15cfda8,1,3,250626,https://p.scdn.co/mp3-preview/71127da3ad33d0423fb257f079a2333caec0b0bf?cid=9950ac751e34487dbbe027c4fd7f8e99,false,77,USAT21101399,,2023-12-06T09:43:54Z
spotify:track:4cluDES4hQEUhmXj6TXkSo,What Makes You Beautiful,spotify:artist:4AK6F7OLvEQ5QYCBNiQWHq,One Direction,spotify:album:6cunQQ7YZisYOoiFu2ywIq,Up All Night,spotify:artist:4AK6F7OLvEQ5QYCBNiQWHq,One Direction,2012-05-25,https://i.scdn.co/image/ab67616d0000b2734a5584795dc73860653a9a3e,1,1,199986,https://p.scdn.co/mp3-preview/3abcba42a4cb3566c4840c29fd6695459065b1ae?cid=9950ac751e34487dbbe027c4fd7f8e99,false,84,GBHMU1100018,,2023-12-06T09:43:29Z
spotify:track:47Slg6LuqLaX0VodpSCvPt,Just the Way You Are,spotify:artist:0du5cEVh5yTK9QJze8zA0C,Bruno Mars,spotify:album:6J84szYCnMfzEcvIcfWMFL,Doo-Wops & Hooligans,spotify:artist:0du5cEVh5yTK9QJze8zA0C,Bruno Mars,2010-05-11,https://i.scdn.co/image/ab67616d0000b273f60070dce96a2c1b70cf6ff0,1,2,220734,https://p.scdn.co/mp3-preview/6d1a901b10c7dc609d4c8628006b04bc6e672be8?cid=9950ac751e34487dbbe027c4fd7f8e99,false,80,USAT21001269,,2023-12-06T09:43:11Z
spotify:track:2hHLbkatPwOOmrNxTiD41L,I Really Like You,spotify:artist:6sFIWsNpZYqfjUpaCgueju,Carly Rae Jepsen,spotify:album:2oj3FG6fos7zAQJxLQGzou,Emotion (Deluxe Expanded Edition),spotify:artist:6sFIWsNpZYqfjUpaCgueju,Carly Rae Jepsen,2015-08-21,https://i.scdn.co/image/ab67616d0000b2735708b3925c13b1b8d6fac466,1,3,204763,,false,70,USUM71501431,,2023-12-06T09:35:10Z
spotify:track:1kPpge9JDLpcj15qgrPbYX,Good Time,"spotify:artist:07QEuhtrNmmZ0zEcqE9SF6, spotify:artist:6sFIWsNpZYqfjUpaCgueju","Owl City, Carly Rae Jepsen",spotify:album:7gTFf2EWBONpjKVjpWbs5p,The Midsummer Station,spotify:artist:07QEuhtrNmmZ0zEcqE9SF6,Owl City,2012-08-17,https://i.scdn.co/image/ab67616d0000b273cf5459850259268f98b07f7a,1,7,205933,,false,76,USUM71206288,,2023-12-06T09:35:05Z
spotify:track:0SiywuOBRcynK0uKGWdCnn,Bad Romance,spotify:artist:1HY2Jd0NmPuamShAr6KMms,Lady Gaga,spotify:album:6rePArBMb5nLWEaY9aQqL4,The Fame Monster (Deluxe Edition),spotify:artist:1HY2Jd0NmPuamShAr6KMms,Lady Gaga,2009-11-05,https://i.scdn.co/image/ab67616d0000b2735c9890c0456a3719eeecd8aa,1,1,294573,,true,84,USUM70918596,,2023-12-05T09:36:59Z
spotify:track:1dzQoRqT5ucxXVaAhTcT0J,Just Dance,"spotify:artist:1HY2Jd0NmPuamShAr6KMms, spotify:artist:7fObcBw9VM3x7ntWKCYl0z","Lady Gaga, Colby O'Donis",spotify:album:1qwlxZTNLe1jq3b0iidlue,The Fame,spotify:artist:1HY2Jd0NmPuamShAr6KMms,Lady Gaga,2008-01-01,https://i.scdn.co/image/ab67616d0000b273e691217483df8798445c82e2,1,1,241933,,false,82,USUM70807646,,2023-12-05T09:28:52Z
spotify:track:1QV6tiMFM6fSOKOGLMHYYg,Poker Face,spotify:artist:1HY2Jd0NmPuamShAr6KMms,Lady Gaga,spotify:album:1qwlxZTNLe1jq3b0iidlue,The Fame,spotify:artist:1HY2Jd0NmPuamShAr6KMms,Lady Gaga,2008-01-01,https://i.scdn.co/image/ab67616d0000b273e691217483df8798445c82e2,1,4,237200,,true,83,USUM70824409,,2023-12-05T09:24:59Z
spotify:track:4tmIJTSnuvskqsPwB5RCqx,This Kiss,spotify:artist:6sFIWsNpZYqfjUpaCgueju,Carly Rae Jepsen,spotify:album:6SSSF9Y6MiPdQoxqBptrR2,Kiss,spotify:artist:6sFIWsNpZYqfjUpaCgueju,Carly Rae Jepsen,2012-01-01,https://i.scdn.co/image/ab67616d0000b273d3ee4bf67c2ac2154006ad72,1,2,228866,,false,46,USUM71208964,,2023-12-04T09:22:44Z
spotify:track:1GhbQDYGEOjyFwfT8lojcx,California Gurls,"spotify:artist:6jJ0s89eD6GaHleKKya26X, spotify:artist:7hJcb9fa4alzcOq3EaNPoG","Katy Perry, Snoop Dogg",spotify:album:2UG6T6f0Qc9SaBCIcaviLM,Teenage Dream,spotify:artist:6jJ0s89eD6GaHleKKya26X,Katy Perry,2010-01-01,https://i.scdn.co/image/ab67616d0000b2731d955011a3ed477dc77865ad,1,3,234653,,false,72,USCA21001135,,2023-12-04T05:30:59Z
spotify:track:6r1ygpKNXg7deq18rzyM7F,Teenage Dream,spotify:artist:6jJ0s89eD6GaHleKKya26X,Katy Perry,spotify:album:2UG6T6f0Qc9SaBCIcaviLM,Teenage Dream,spotify:artist:6jJ0s89eD6GaHleKKya26X,Katy Perry,2010-01-01,https://i.scdn.co/image/ab67616d0000b2731d955011a3ed477dc77865ad,1,1,227741,,false,72,USCA21001255,,2023-12-04T05:30:57Z
spotify:track:27tNWlhdAryQY04Gb2ZhUI,Roar,spotify:artist:6jJ0s89eD6GaHleKKya26X,Katy Perry,spotify:album:3jB9yFDwRe3KhtGnHXJntk,PRISM,spotify:artist:6jJ0s89eD6GaHleKKya26X,Katy Perry,2013-01-01,https://i.scdn.co/image/ab67616d0000b2731e9a057052d59004caf47e22,1,1,223546,,false,79,USUM71308669,,2023-12-04T05:30:55Z
spotify:track:2009X8GyWTqyxIdzAEYW6N,The One That Got Away,spotify:artist:6jJ0s89eD6GaHleKKya26X,Katy Perry,spotify:album:2UG6T6f0Qc9SaBCIcaviLM,Teenage Dream,spotify:artist:6jJ0s89eD6GaHleKKya26X,Katy Perry,2010-01-01,https://i.scdn.co/image/ab67616d0000b2731d955011a3ed477dc77865ad,1,7,227333,,false,77,USCA21001266,,2023-12-04T05:30:53Z
spotify:track:4w6jQFJZUBz2nCAjqaXSjF,Leave Out All The Rest,spotify:artist:6XyY86QOPPrYVGvF9ch6wz,Linkin Park,spotify:album:4JtIVJRA342O0YoAchen5Q,Minutes to Midnight (Deluxe Edition),spotify:artist:6XyY86QOPPrYVGvF9ch6wz,Linkin Park,2007-05-14,https://i.scdn.co/image/ab67616d0000b2732c32ff586ba168b54a2da61e,1,3,209390,https://p.scdn.co/mp3-preview/277178cdc33ad820265f04add0837134dfa45a4f?cid=9950ac751e34487dbbe027c4fd7f8e99,false,47,USWB11201138,,2023-12-02T03:22:55Z
spotify:track:5ZIcLKQxzyI3nPnivwuylV,No More Sorrow,spotify:artist:6XyY86QOPPrYVGvF9ch6wz,Linkin Park,spotify:album:4JtIVJRA342O0YoAchen5Q,Minutes to Midnight (Deluxe Edition),spotify:artist:6XyY86QOPPrYVGvF9ch6wz,Linkin Park,2007-05-14,https://i.scdn.co/image/ab67616d0000b2732c32ff586ba168b54a2da61e,1,8,221764,https://p.scdn.co/mp3-preview/73aefce9bf9923ae6cfd472d3be9ad6f947b10e7?cid=9950ac751e34487dbbe027c4fd7f8e99,false,46,USWB11201143,,2023-12-02T03:19:20Z
spotify:track:04klL0e4Den6eZV9nitQWT,Bleed It Out,spotify:artist:6XyY86QOPPrYVGvF9ch6wz,Linkin Park,spotify:album:4JtIVJRA342O0YoAchen5Q,Minutes to Midnight (Deluxe Edition),spotify:artist:6XyY86QOPPrYVGvF9ch6wz,Linkin Park,2007-05-14,https://i.scdn.co/image/ab67616d0000b2732c32ff586ba168b54a2da61e,1,4,164457,https://p.scdn.co/mp3-preview/522a39281a5eab742ed647b5fbdc072bd44df545?cid=9950ac751e34487dbbe027c4fd7f8e99,true,49,USWB11201139,,2023-12-01T11:50:29Z
spotify:track:1DadkoAI2gicYJfindPY20,Wonderwall,spotify:artist:2DaxqgrOhkeH0fpeiQq2f4,Oasis,spotify:album:6L5KBi1wt0rv1rA88kS1W4,Time Flies...1994-2009,spotify:artist:2DaxqgrOhkeH0fpeiQq2f4,Oasis,2010,https://i.scdn.co/image/ab67616d0000b2734dbd79805250b23f6b80b73a,1,4,259840,https://p.scdn.co/mp3-preview/20284474537394c92c98e543b21efe174ff2599d?cid=9950ac751e34487dbbe027c4fd7f8e99,false,51,GBAAW9500189,,2023-12-01T11:01:51Z
spotify:track:2OqLoPT7OHOwWrEtoU3cPK,Hummingbird Heartbeat,spotify:artist:6jJ0s89eD6GaHleKKya26X,Katy Perry,spotify:album:2tATnHgurXCAt2fwXmfN3A,Teenage Dream,spotify:artist:6jJ0s89eD6GaHleKKya26X,Katy Perry,2010-08-24,https://i.scdn.co/image/ab67616d0000b2739a15574d56374777a9ed846d,1,11,212280,,false,11,USCA21001260,,2023-12-01T10:40:48Z
spotify:track:4BbXg5wQqVNPbVEGpjsVnv,All I Wanted,spotify:artist:74XFHRwlV6OrjEM0A2NCMF,Paramore,spotify:album:3CaQTJU2Cpx7GXTgenmb2r,Brand New Eyes,spotify:artist:74XFHRwlV6OrjEM0A2NCMF,Paramore,2009-09-25,https://i.scdn.co/image/ab67616d0000b273b9abbedc516dd297039977bd,1,11,225786,https://p.scdn.co/mp3-preview/fadaf634f508c2982f9d94e4e3bb3780e9619732?cid=9950ac751e34487dbbe027c4fd7f8e99,false,70,USAT20902328,,2023-12-01T00:53:34Z
spotify:track:6GPpocnUJbzMNMTJDLYCim,Brick by Boring Brick,spotify:artist:74XFHRwlV6OrjEM0A2NCMF,Paramore,spotify:album:3CaQTJU2Cpx7GXTgenmb2r,Brand New Eyes,spotify:artist:74XFHRwlV6OrjEM0A2NCMF,Paramore,2009-09-25,https://i.scdn.co/image/ab67616d0000b273b9abbedc516dd297039977bd,1,4,253946,https://p.scdn.co/mp3-preview/eb232a55523ae2e6799e18fb51f59a49483a8c77?cid=9950ac751e34487dbbe027c4fd7f8e99,false,57,USAT20902321,,2023-12-01T00:46:41Z
spotify:track:5ZdrNnYV5VZWds4WXKf8kf,Ignorance,spotify:artist:74XFHRwlV6OrjEM0A2NCMF,Paramore,spotify:album:3CaQTJU2Cpx7GXTgenmb2r,Brand New Eyes,spotify:artist:74XFHRwlV6OrjEM0A2NCMF,Paramore,2009-09-25,https://i.scdn.co/image/ab67616d0000b273b9abbedc516dd297039977bd,1,2,218626,https://p.scdn.co/mp3-preview/87faa996ad4d7c39d9f939811a3186c36c5d9deb?cid=9950ac751e34487dbbe027c4fd7f8e99,false,61,USAT20902050,,2023-11-30T11:53:16Z
spotify:track:3lXbHd0EoryoQh3vpevNEP,Firework,spotify:artist:6jJ0s89eD6GaHleKKya26X,Katy Perry,spotify:album:2UG6T6f0Qc9SaBCIcaviLM,Teenage Dream,spotify:artist:6jJ0s89eD6GaHleKKya26X,Katy Perry,2010-01-01,https://i.scdn.co/image/ab67616d0000b2731d955011a3ed477dc77865ad,1,4,227893,,false,74,USCA21001262,,2023-11-30T11:03:24Z
spotify:track:1htQDV8JxSuXG2QsNj5ttr,Last Friday Night (T.G.I.F.),spotify:artist:6jJ0s89eD6GaHleKKya26X,Katy Perry,spotify:album:2UG6T6f0Qc9SaBCIcaviLM,Teenage Dream,spotify:artist:6jJ0s89eD6GaHleKKya26X,Katy Perry,2010-01-01,https://i.scdn.co/image/ab67616d0000b2731d955011a3ed477dc77865ad,1,2,230733,,false,78,USCA21001264,,2023-11-30T10:40:33Z
spotify:track:58SOj91QM6t0edDCbxJPTy,The One That Got Away,spotify:artist:6jJ0s89eD6GaHleKKya26X,Katy Perry,spotify:album:2tATnHgurXCAt2fwXmfN3A,Teenage Dream,spotify:artist:6jJ0s89eD6GaHleKKya26X,Katy Perry,2010-08-24,https://i.scdn.co/image/ab67616d0000b2739a15574d56374777a9ed846d,1,7,227323,,false,17,USCA21001266,,2023-11-30T10:28:35Z
spotify:track:3lKZf71jeNi14udIFPJ29V,I Knew You Were Trouble.,spotify:artist:06HL4z0CvFAxyc27GXpf02,Taylor Swift,spotify:album:1KVKqWeRuXsJDLTW0VuD29,Red (Deluxe Edition),spotify:artist:06HL4z0CvFAxyc27GXpf02,Taylor Swift,2012-10-22,https://i.scdn.co/image/ab67616d0000b273254c8a09649551438b20f4c0,1,4,219720,,false,63,USCJY1231039,,2023-11-30T10:26:14Z
spotify:track:1gL4vMhDV3RgJQmDuY5HK1,Starlight,spotify:artist:06HL4z0CvFAxyc27GXpf02,Taylor Swift,spotify:album:1KVKqWeRuXsJDLTW0VuD29,Red (Deluxe Edition),spotify:artist:06HL4z0CvFAxyc27GXpf02,Taylor Swift,2012-10-22,https://i.scdn.co/image/ab67616d0000b273254c8a09649551438b20f4c0,1,15,220600,,false,46,USCJY1231022,,2023-11-30T10:12:23Z
spotify:track:64yrDBpcdwEdNY9loyEGbX,21 Guns,spotify:artist:7oPftvlwr6VrsViSDV7fJY,Green Day,spotify:album:1AHZd3C3S8m8fFrhFxyk79,21st Century Breakdown,spotify:artist:7oPftvlwr6VrsViSDV7fJY,Green Day,2009-05-15,https://i.scdn.co/image/ab67616d0000b273c2ced39899b0d67cd5a724fa,1,16,321093,https://p.scdn.co/mp3-preview/431b2787cb98a4dea90606248e0a835afbf6b6f3?cid=9950ac751e34487dbbe027c4fd7f8e99,false,76,USRE10900679,,2023-11-30T10:05:01Z
spotify:track:0djibL0KZU7HIQ7Ka1o2mR,Death and All His Friends,spotify:artist:4gzpq5DPGxSnKTe4SA8HAU,Coldplay,spotify:album:6JlhIoegCcjtdbTQbypS8R,Viva La Vida (Prospekt's March Edition),spotify:artist:4gzpq5DPGxSnKTe4SA8HAU,Coldplay,2008-11-24,https://i.scdn.co/image/ab67616d0000b273a1ca3abcdee3085bdbcf5224,1,10,378853,https://p.scdn.co/mp3-preview/cc5e72f738bcc15d7a26f947a639cdde4c243828?cid=9950ac751e34487dbbe027c4fd7f8e99,false,26,GBAYE0800261,,2023-11-30T09:53:51Z
spotify:track:6wmOs2YBp3czOKH9ioM4ht,Life in Technicolor,spotify:artist:4gzpq5DPGxSnKTe4SA8HAU,Coldplay,spotify:album:6JlhIoegCcjtdbTQbypS8R,Viva La Vida (Prospekt's March Edition),spotify:artist:4gzpq5DPGxSnKTe4SA8HAU,Coldplay,2008-11-24,https://i.scdn.co/image/ab67616d0000b273a1ca3abcdee3085bdbcf5224,1,1,149133,https://p.scdn.co/mp3-preview/2af2befe5a8d84cad4db21e044300d74dfc97983?cid=9950ac751e34487dbbe027c4fd7f8e99,false,27,GBAYE0800253,,2023-11-30T09:46:13Z
spotify:track:4rTP5STJ0764hahKw3MPsn,Lovers in Japan - Osaka Sun Mix,spotify:artist:4gzpq5DPGxSnKTe4SA8HAU,Coldplay,spotify:album:6JlhIoegCcjtdbTQbypS8R,Viva La Vida (Prospekt's March Edition),spotify:artist:4gzpq5DPGxSnKTe4SA8HAU,Coldplay,2008-11-24,https://i.scdn.co/image/ab67616d0000b273a1ca3abcdee3085bdbcf5224,2,7,238240,https://p.scdn.co/mp3-preview/4b4f775957140f5775eaac0a93496ec4b7407e83?cid=9950ac751e34487dbbe027c4fd7f8e99,false,27,GBAYE0801802,,2023-11-30T09:42:13Z
spotify:track:7LVHVU3tWfcxj5aiPFEW4Q,Fix You,spotify:artist:4gzpq5DPGxSnKTe4SA8HAU,Coldplay,spotify:album:4E7bV0pzG0LciBSWTszra6,X&Y,spotify:artist:4gzpq5DPGxSnKTe4SA8HAU,Coldplay,2005-06-07,https://i.scdn.co/image/ab67616d0000b2734e0362c225863f6ae2432651,1,4,295533,https://p.scdn.co/mp3-preview/4ee64ea0fcfc1e6142d3b1e76464e95834fa87dd?cid=9950ac751e34487dbbe027c4fd7f8e99,false,85,GBAYE0500605,,2023-11-30T05:15:14Z
spotify:track:6RUKPb4LETWmmr3iAEQktW,Something Just Like This,"spotify:artist:69GGBxA162lTqCwzJG5jLp, spotify:artist:4gzpq5DPGxSnKTe4SA8HAU","The Chainsmokers, Coldplay",spotify:album:4JPguzRps3kuWDD5GS6oXr,Memories...Do Not Open,spotify:artist:69GGBxA162lTqCwzJG5jLp,The Chainsmokers,2017-04-07,https://i.scdn.co/image/ab67616d0000b2730c13d3d5a503c84fcc60ae94,1,5,247160,https://p.scdn.co/mp3-preview/4e117abe76700eb13e9e0557fa2d9c44b565b9da?cid=9950ac751e34487dbbe027c4fd7f8e99,false,87,USQX91700278,,2023-11-30T05:08:22Z
spotify:track:3K2tFDmMXNxuuO7ZlF3aXP,Cemeteries of London,spotify:artist:4gzpq5DPGxSnKTe4SA8HAU,Coldplay,spotify:album:6JlhIoegCcjtdbTQbypS8R,Viva La Vida (Prospekt's March Edition),spotify:artist:4gzpq5DPGxSnKTe4SA8HAU,Coldplay,2008-11-24,https://i.scdn.co/image/ab67616d0000b273a1ca3abcdee3085bdbcf5224,1,2,201106,https://p.scdn.co/mp3-preview/73fd5a22ba44f4d492c654c0e7fe3657f405366e?cid=9950ac751e34487dbbe027c4fd7f8e99,false,27,GBAYE0800254,,2023-11-30T05:08:03Z
spotify:track:48g8hRC5mvMAWCQ9HSyGyW,Strawberry Swing,spotify:artist:4gzpq5DPGxSnKTe4SA8HAU,Coldplay,spotify:album:6JlhIoegCcjtdbTQbypS8R,Viva La Vida (Prospekt's March Edition),spotify:artist:4gzpq5DPGxSnKTe4SA8HAU,Coldplay,2008-11-24,https://i.scdn.co/image/ab67616d0000b273a1ca3abcdee3085bdbcf5224,1,9,249666,https://p.scdn.co/mp3-preview/2dbf86c9d9663ca8189a538fdfa4f970f211a9ec?cid=9950ac751e34487dbbe027c4fd7f8e99,false,28,GBAYE0800264,,2023-11-30T05:01:16Z
spotify:track:64pDOeUGiB0vboqmJx2gGp,Lost!,spotify:artist:4gzpq5DPGxSnKTe4SA8HAU,Coldplay,spotify:album:6JlhIoegCcjtdbTQbypS8R,Viva La Vida (Prospekt's March Edition),spotify:artist:4gzpq5DPGxSnKTe4SA8HAU,Coldplay,2008-11-24,https://i.scdn.co/image/ab67616d0000b273a1ca3abcdee3085bdbcf5224,1,3,236213,https://p.scdn.co/mp3-preview/67027d61bbd4bebe2d2252296d7690bd4423cf7f?cid=9950ac751e34487dbbe027c4fd7f8e99,false,29,GBAYE0800255,,2023-11-30T04:51:41Z
spotify:track:5S6pYZD8WH3OQapDHTDM9M,Viva La Vida,spotify:artist:4gzpq5DPGxSnKTe4SA8HAU,Coldplay,spotify:album:6JlhIoegCcjtdbTQbypS8R,Viva La Vida (Prospekt's March Edition),spotify:artist:4gzpq5DPGxSnKTe4SA8HAU,Coldplay,2008-11-24,https://i.scdn.co/image/ab67616d0000b273a1ca3abcdee3085bdbcf5224,1,7,242373,https://p.scdn.co/mp3-preview/fb9f4a9b0887326776b4fb7c6d331acd167a7778?cid=9950ac751e34487dbbe027c4fd7f8e99,false,51,GBAYE0800265,,2023-11-30T04:47:33Z
spotify:track:3gygK5S34nKrhodwF9BdJC,42,spotify:artist:4gzpq5DPGxSnKTe4SA8HAU,Coldplay,spotify:album:6JlhIoegCcjtdbTQbypS8R,Viva La Vida (Prospekt's March Edition),spotify:artist:4gzpq5DPGxSnKTe4SA8HAU,Coldplay,2008-11-24,https://i.scdn.co/image/ab67616d0000b273a1ca3abcdee3085bdbcf5224,1,4,237400,https://p.scdn.co/mp3-preview/9431b9e44c6854769ae595369b5a1453b18dcb8b?cid=9950ac751e34487dbbe027c4fd7f8e99,false,25,GBAYE0800259,,2023-11-30T04:43:37Z
spotify:track:3AJwUDP919kvQ9QcozQPxg,Yellow,spotify:artist:4gzpq5DPGxSnKTe4SA8HAU,Coldplay,spotify:album:6ZG5lRT77aJ3btmArcykra,Parachutes,spotify:artist:4gzpq5DPGxSnKTe4SA8HAU,Coldplay,2000-07-10,https://i.scdn.co/image/ab67616d0000b2739164bafe9aaa168d93f4816a,1,5,266773,https://p.scdn.co/mp3-preview/c0d9119dc69cae75baf6463e21e43f433fdf5ff4?cid=9950ac751e34487dbbe027c4fd7f8e99,false,91,GBAYE0000267,,2023-11-30T00:47:56Z
spotify:track:3cUjzpF5qD1M3jXx01GrSU,Life in Technicolor ii,spotify:artist:4gzpq5DPGxSnKTe4SA8HAU,Coldplay,spotify:album:6JlhIoegCcjtdbTQbypS8R,Viva La Vida (Prospekt's March Edition),spotify:artist:4gzpq5DPGxSnKTe4SA8HAU,Coldplay,2008-11-24,https://i.scdn.co/image/ab67616d0000b273a1ca3abcdee3085bdbcf5224,2,1,245099,https://p.scdn.co/mp3-preview/9033a4ff4ebef1fbe0f46c4fc316cbfbb820c9d2?cid=9950ac751e34487dbbe027c4fd7f8e99,false,42,GBAYE0801695,,2023-11-30T00:43:52Z
spotify:track:0ExjS2TkTWgmJdoXCa7rNx,Crumbs From Your Table,spotify:artist:51Blml2LZPmy7TTiAg47vQ,U2,spotify:album:5PQPur1PEZFDkI0AXbxFlB,How To Dismantle An Atomic Bomb,spotify:artist:51Blml2LZPmy7TTiAg47vQ,U2,2004-01-01,https://i.scdn.co/image/ab67616d0000b273c1c82c472d758f4945ac15a8,1,8,299186,,false,39,GBAAN0400580,,2023-11-30T00:35:37Z
spotify:track:46RCVIUm7IJU78nMO4zRzN,One Step Closer,spotify:artist:51Blml2LZPmy7TTiAg47vQ,U2,spotify:album:5PQPur1PEZFDkI0AXbxFlB,How To Dismantle An Atomic Bomb,spotify:artist:51Blml2LZPmy7TTiAg47vQ,U2,2004-01-01,https://i.scdn.co/image/ab67616d0000b273c1c82c472d758f4945ac15a8,1,9,228440,,false,37,GBAAN0400581,,2023-11-30T00:28:22Z
spotify:track:4JMwWWZXsqDy55G1ZhGV8m,Love And Peace Or Else,spotify:artist:51Blml2LZPmy7TTiAg47vQ,U2,spotify:album:5PQPur1PEZFDkI0AXbxFlB,How To Dismantle An Atomic Bomb,spotify:artist:51Blml2LZPmy7TTiAg47vQ,U2,2004-01-01,https://i.scdn.co/image/ab67616d0000b273c1c82c472d758f4945ac15a8,1,4,287986,,false,34,GBAAN0400576,,2023-11-30T00:23:16Z
spotify:track:6ml01NkC9AfM4OICOtRxEY,Original Of The Species,spotify:artist:51Blml2LZPmy7TTiAg47vQ,U2,spotify:album:5PQPur1PEZFDkI0AXbxFlB,How To Dismantle An Atomic Bomb,spotify:artist:51Blml2LZPmy7TTiAg47vQ,U2,2004-01-01,https://i.scdn.co/image/ab67616d0000b273c1c82c472d758f4945ac15a8,1,10,274120,,false,48,GBAAN0400582,,2023-11-30T00:21:19Z
spotify:track:1H5QOvCduwR93MWvlm0zks,Yahweh,spotify:artist:51Blml2LZPmy7TTiAg47vQ,U2,spotify:album:5PQPur1PEZFDkI0AXbxFlB,How To Dismantle An Atomic Bomb,spotify:artist:51Blml2LZPmy7TTiAg47vQ,U2,2004-01-01,https://i.scdn.co/image/ab67616d0000b273c1c82c472d758f4945ac15a8,1,11,261573,,false,35,GBAAN0400583,,2023-11-29T16:26:30Z
spotify:track:7eFTNCuoCYmzfdd7PLaw9r,All Because Of You,spotify:artist:51Blml2LZPmy7TTiAg47vQ,U2,spotify:album:5PQPur1PEZFDkI0AXbxFlB,How To Dismantle An Atomic Bomb,spotify:artist:51Blml2LZPmy7TTiAg47vQ,U2,2004-01-01,https://i.scdn.co/image/ab67616d0000b273c1c82c472d758f4945ac15a8,1,6,214400,,false,39,GBAAN0400578,,2023-11-29T16:22:52Z
spotify:track:50Pu9HKAcPm8TFL2zDrouh,All You Had To Do Was Stay,spotify:artist:06HL4z0CvFAxyc27GXpf02,Taylor Swift,spotify:album:6EsTJnpahwW6xX20zvqQgZ,1989 (Big Machine Radio Release Special),spotify:artist:06HL4z0CvFAxyc27GXpf02,Taylor Swift,2014-10-27,https://i.scdn.co/image/ab67616d0000b2730432bfd9e6adb616fd8bcc97,1,10,193293,,false,31,USCJY1431339,,2023-11-29T16:14:31Z
spotify:track:1K39ty6o1sHwwlZwO6a7wK,Wildest Dreams (Taylor's Version),spotify:artist:06HL4z0CvFAxyc27GXpf02,Taylor Swift,spotify:album:64LU4c1nfjz1t4VnGhagcg,1989 (Taylor's Version),spotify:artist:06HL4z0CvFAxyc27GXpf02,Taylor Swift,2023-10-26,https://i.scdn.co/image/ab67616d0000b273904445d70d04eb24d6bb79ac,1,9,220433,,false,75,USUG12103658,,2023-11-29T16:10:22Z
spotify:track:4D7kxLhSz7siCOw7KA5rQn,Style,spotify:artist:06HL4z0CvFAxyc27GXpf02,Taylor Swift,spotify:album:6EsTJnpahwW6xX20zvqQgZ,1989 (Big Machine Radio Release Special),spotify:artist:06HL4z0CvFAxyc27GXpf02,Taylor Swift,2014-10-27,https://i.scdn.co/image/ab67616d0000b2730432bfd9e6adb616fd8bcc97,1,6,231000,,false,56,USCJY1431319,,2023-11-29T16:07:08Z
spotify:track:3OPEx1SY3wkDCKLeQ56tyN,All You Had To Do Was Stay,spotify:artist:06HL4z0CvFAxyc27GXpf02,Taylor Swift,spotify:album:5LVuISYu2g4YbyxYhFPIbK,1989 (Deluxe),spotify:artist:06HL4z0CvFAxyc27GXpf02,Taylor Swift,2014-10-27,https://i.scdn.co/image/ab67616d0000b273b8bfc2e9ac51c37469bdac1a,1,5,193293,,false,19,USCJY1431339,,2023-11-29T15:46:42Z
spotify:track:6jtyKhIG6rNbRcQQ5Pba3s,I Wish You Would,spotify:artist:06HL4z0CvFAxyc27GXpf02,Taylor Swift,spotify:album:5LVuISYu2g4YbyxYhFPIbK,1989 (Deluxe),spotify:artist:06HL4z0CvFAxyc27GXpf02,Taylor Swift,2014-10-27,https://i.scdn.co/image/ab67616d0000b273b8bfc2e9ac51c37469bdac1a,1,7,207440,,false,18,USCJY1431359,,2023-11-29T15:35:57Z
spotify:track:36Z0aDiYjvEE2Z1rdUcKG7,You Are In Love,spotify:artist:06HL4z0CvFAxyc27GXpf02,Taylor Swift,spotify:album:5LVuISYu2g4YbyxYhFPIbK,1989 (Deluxe),spotify:artist:06HL4z0CvFAxyc27GXpf02,Taylor Swift,2014-10-27,https://i.scdn.co/image/ab67616d0000b273b8bfc2e9ac51c37469bdac1a,1,15,267106,,false,21,USCJY1431439,,2023-11-29T15:31:27Z
spotify:track:6xpDh0dXrkVp0Po1qrHUd8,Adam's Song,spotify:artist:6FBDaR13swtiWwGhX1WQsP,blink-182,spotify:album:652N05EcNH1a4bIlUixQE2,Enema Of The State,spotify:artist:6FBDaR13swtiWwGhX1WQsP,blink-182,1999-06-01,https://i.scdn.co/image/ab67616d0000b2736da502e35a7a3e48de2b0f74,1,7,249626,,false,72,USMC19959122,,2023-11-29T15:21:54Z
spotify:track:1G391cbiT3v3Cywg8T7DM1,Scar Tissue,spotify:artist:0L8ExT028jH3ddEcZwqJJ5,Red Hot Chili Peppers,spotify:album:2Y9IRtehByVkegoD7TcLfi,Californication (Deluxe Edition),spotify:artist:0L8ExT028jH3ddEcZwqJJ5,Red Hot Chili Peppers,1999-06-08,https://i.scdn.co/image/ab67616d0000b27394d08ab63e57b0cae74e8595,1,3,215906,https://p.scdn.co/mp3-preview/5aa4aff376bccc73f7fa7df2954649e30a56c4b1?cid=9950ac751e34487dbbe027c4fd7f8e99,false,84,USWB19900674,,2023-11-29T15:14:31Z
spotify:track:2m1hi0nfMR9vdGC8UcrnwU,All The Small Things,spotify:artist:6FBDaR13swtiWwGhX1WQsP,blink-182,spotify:album:652N05EcNH1a4bIlUixQE2,Enema Of The State,spotify:artist:6FBDaR13swtiWwGhX1WQsP,blink-182,1999-06-01,https://i.scdn.co/image/ab67616d0000b2736da502e35a7a3e48de2b0f74,1,8,167066,,false,81,USMC19959123,,2023-11-29T15:04:40Z